kommune,år,tilflytning,fraflytning,net_migration,population,migration_rate,migration_per_1000
Aabenraa,1992,3667.0,3946.0,-279.0,59903,-0.004657529672971303,-4.657529672971303
Aabenraa,1993,3707.0,3921.0,-214.0,59839,-0.003576262972309029,-3.576262972309029
Aabenraa,1994,3842.0,4363.0,-521.0,60036,-0.008678126457458859,-8.678126457458859
Aabenraa,1995,3966.0,4201.0,-235.0,59999,-0.0039167319455324255,-3.9167319455324257
Aabenraa,1996,3910.0,3937.0,-27.0,60045,-0.0004496627529352985,-0.4496627529352985
Aabenraa,1997,3730.0,4113.0,-383.0,60434,-0.006337492140185988,-6.337492140185988
Aabenraa,1998,3675.0,3976.0,-301.0,60296,-0.00499203927292026,-4.992039272920261
Aabenraa,1999,3745.0,3958.0,-213.0,60189,-0.003538852614265065,-3.538852614265065
Aabenraa,2000,3754.0,3989.0,-235.0,60116,-0.003909109055825404,-3.9091090558254042
Aabenraa,2001,3778.0,3959.0,-181.0,60025,-0.0030154102457309456,-3.0154102457309455
Aabenraa,2002,3640.0,3725.0,-85.0,60066,-0.0014151100456164885,-1.4151100456164885
Aabenraa,2003,3852.0,3890.0,-38.0,60016,-0.0006331644894694748,-0.6331644894694748
Aabenraa,2004,3935.0,4056.0,-121.0,60074,-0.0020141825082398376,-2.0141825082398377
Aabenraa,2005,3725.0,4060.0,-335.0,60151,-0.0055693172183338595,-5.569317218333859
Aabenraa,2006,2510.0,2706.0,-196.0,59974,-0.003268082835895555,-3.2680828358955547
Aabenraa,2007,2403.0,2519.0,-116.0,60189,-0.001927262456595059,-1.927262456595059
Aabenraa,2008,2320.0,2449.0,-129.0,60392,-0.0021360445092065174,-2.1360445092065174
Aabenraa,2009,2077.0,2518.0,-441.0,59978,-0.007352695988529128,-7.352695988529128
Aabenraa,2010,2113.0,2322.0,-209.0,59795,-0.003495275524709424,-3.495275524709424
Aabenraa,2011,2128.0,2409.0,-281.0,59600,-0.004714765100671141,-4.714765100671141
Aabenraa,2012,2084.0,2464.0,-380.0,59208,-0.00641805161464667,-6.41805161464667
Aabenraa,2013,1998.0,2312.0,-314.0,58970,-0.005324741393929117,-5.324741393929116
Aabenraa,2014,2159.0,2336.0,-177.0,58904,-0.0030048893114219748,-3.004889311421975
Aabenraa,2015,2105.0,2385.0,-280.0,58869,-0.0047563233620411425,-4.756323362041143
Aabenraa,2016,2232.0,2496.0,-264.0,59003,-0.004474348761927359,-4.474348761927359
Aabenraa,2017,2393.0,2532.0,-139.0,59089,-0.002352383692396216,-2.352383692396216
Aabenraa,2018,2304.0,2613.0,-309.0,59035,-0.00523418311171339,-5.23418311171339
Aabenraa,2019,2215.0,2562.0,-347.0,58761,-0.0059052773097802965,-5.905277309780296
Aabenraa,2020,2273.0,2579.0,-306.0,58526,-0.005228445477223798,-5.228445477223798
Aabenraa,2021,2378.0,2778.0,-400.0,58693,-0.006815122757398668,-6.815122757398668
Aabenraa,2022,2101.0,2730.0,-629.0,59002,-0.010660655570997593,-10.660655570997593
Aabenraa,2023,1997.0,2500.0,-503.0,58657,-0.008575276608077467,-8.575276608077466
Aabenraa,2024,2048.0,2374.0,-326.0,58621,-0.00556114702922161,-5.56114702922161
Aabenraa,2025,1964.0,2465.0,-501.0,58405,-0.008578032702679565,-8.578032702679565
Aalborg,1992,8205.0,8074.0,131.0,184001,0.0007119526524312368,0.7119526524312368
Aalborg,1993,8392.0,8158.0,234.0,184815,0.0012661309958607256,1.2661309958607256
Aalborg,1994,8975.0,9014.0,-39.0,185610,-0.00021011798933247131,-0.2101179893324713
Aalborg,1995,9458.0,9514.0,-56.0,186415,-0.00030040501032642223,-0.30040501032642225
Aalborg,1996,9680.0,9637.0,43.0,187632,0.00022917199624797476,0.22917199624797477
Aalborg,1997,9433.0,9787.0,-354.0,188595,-0.0018770380975105384,-1.8770380975105385
Aalborg,1998,9697.0,10093.0,-396.0,188752,-0.002097991014664745,-2.097991014664745
Aalborg,1999,9489.0,9808.0,-319.0,189245,-0.0016856455916933076,-1.6856455916933075
Aalborg,2000,9540.0,9527.0,13.0,189476,6.861027254111338e-05,0.06861027254111339
Aalborg,2001,9614.0,9326.0,288.0,190181,0.0015143468590448047,1.5143468590448046
Aalborg,2002,9435.0,9514.0,-79.0,191051,-0.0004135021538751433,-0.41350215387514333
Aalborg,2003,9684.0,9518.0,166.0,191325,0.0008676336077355286,0.8676336077355286
Aalborg,2004,10166.0,10237.0,-71.0,192188,-0.00036942993319041774,-0.3694299331904177
Aalborg,2005,10796.0,10356.0,440.0,192353,0.0022874610741709252,2.2874610741709254
Aalborg,2006,8871.0,8918.0,-47.0,193529,-0.0002428576595755675,-0.24285765957556749
Aalborg,2007,8535.0,8541.0,-6.0,195145,-3.0746368085269926e-05,-0.030746368085269926
Aalborg,2008,8085.0,7945.0,140.0,196292,0.0007132231573370285,0.7132231573370286
Aalborg,2009,8140.0,7667.0,473.0,197426,0.002395834388581038,2.395834388581038
Aalborg,2010,8412.0,7997.0,415.0,199188,0.002083458842902183,2.083458842902183
Aalborg,2011,8690.0,7906.0,784.0,201142,0.003897743882431317,3.897743882431317
Aalborg,2012,9365.0,8209.0,1156.0,203448,0.005682041602768275,5.682041602768275
Aalborg,2013,9894.0,8505.0,1389.0,205809,0.006748975992303544,6.748975992303544
Aalborg,2014,9910.0,9073.0,837.0,207805,0.0040278145376675244,4.027814537667524
Aalborg,2015,10238.0,9628.0,610.0,210316,0.0029003974970996027,2.9003974970996027
Aalborg,2016,10116.0,9765.0,351.0,211937,0.001656152535895101,1.656152535895101
Aalborg,2017,10558.0,10200.0,358.0,213558,0.0016763595838132966,1.6763595838132965
Aalborg,2018,11134.0,10279.0,855.0,215312,0.003970981645240395,3.970981645240395
Aalborg,2019,11393.0,10130.0,1263.0,217075,0.005818265576413682,5.818265576413682
Aalborg,2020,12062.0,10723.0,1339.0,219487,0.006100589100949031,6.100589100949032
Aalborg,2021,11744.0,11312.0,432.0,221082,0.0019540261079599424,1.9540261079599424
Aalborg,2022,10577.0,10707.0,-130.0,222571,-0.0005840832812900154,-0.5840832812900154
Aalborg,2023,10067.0,9991.0,76.0,223174,0.00034054146092286734,0.34054146092286736
Aalborg,2024,10000.0,9713.0,287.0,224612,0.0012777589799298345,1.2777589799298346
Aalborg,2025,9906.0,9716.0,190.0,226033,0.0008405852242814102,0.8405852242814102
Aarhus,1992,13590.0,12515.0,1075.0,267873,0.004013095758064456,4.013095758064456
Aarhus,1993,14236.0,12926.0,1310.0,271272,0.004829101418502462,4.8291014185024626
Aarhus,1994,14902.0,14080.0,822.0,274535,0.0029941537508878647,2.9941537508878646
Aarhus,1995,14872.0,14499.0,373.0,277477,0.0013442555599202817,1.3442555599202817
Aarhus,1996,14811.0,15139.0,-328.0,279759,-0.0011724377053106423,-1.1724377053106423
Aarhus,1997,14659.0,15628.0,-969.0,281396,-0.0034435457504726433,-3.4435457504726434
Aarhus,1998,14572.0,14896.0,-324.0,282137,-0.0011483782701311774,-1.1483782701311775
Aarhus,1999,14660.0,15143.0,-483.0,283673,-0.0017026646878624332,-1.7026646878624332
Aarhus,2000,14857.0,14804.0,53.0,284846,0.00018606545291139775,0.18606545291139776
Aarhus,2001,14794.0,14727.0,67.0,286668,0.00023371984316352017,0.23371984316352018
Aarhus,2002,14929.0,14423.0,506.0,288837,0.0017518531213106354,1.7518531213106354
Aarhus,2003,15393.0,14865.0,528.0,291258,0.0018128257421255382,1.8128257421255383
Aarhus,2004,15728.0,15987.0,-259.0,293510,-0.000882423086095874,-0.882423086095874
Aarhus,2005,15679.0,17412.0,-1733.0,294954,-0.005875492449670118,-5.875492449670118
Aarhus,2006,15439.0,17181.0,-1742.0,295513,-0.005894833729818993,-5.894833729818993
Aarhus,2007,15814.0,16379.0,-565.0,298538,-0.0018925563914811514,-1.8925563914811514
Aarhus,2008,16176.0,15316.0,860.0,302618,0.0028418666437554935,2.8418666437554934
Aarhus,2009,16396.0,14454.0,1942.0,306650,0.006332952877873797,6.332952877873797
Aarhus,2010,16617.0,15352.0,1265.0,310956,0.004068099666833893,4.068099666833893
Aarhus,2011,16804.0,15740.0,1064.0,314545,0.0033826638477801266,3.3826638477801265
Aarhus,2012,17850.0,16314.0,1536.0,319094,0.004813628585933925,4.813628585933925
Aarhus,2013,18333.0,16318.0,2015.0,323893,0.006221190331374867,6.221190331374867
Aarhus,2014,17850.0,17402.0,448.0,326246,0.0013731969127590837,1.3731969127590837
Aarhus,2015,19016.0,18634.0,382.0,330639,0.0011553386019193138,1.1553386019193137
Aarhus,2016,19568.0,18709.0,859.0,335684,0.0025589542545965847,2.5589542545965847
Aarhus,2017,20127.0,19144.0,983.0,340421,0.0028876009411875295,2.8876009411875296
Aarhus,2018,20890.0,19262.0,1628.0,345332,0.004714303916231337,4.714303916231337
Aarhus,2019,20990.0,19686.0,1304.0,349983,0.003725895257769663,3.7258952577696633
Aarhus,2020,22434.0,21188.0,1246.0,352751,0.003532236620165499,3.532236620165499
Aarhus,2021,22087.0,23242.0,-1155.0,355238,-0.003251341354247012,-3.2513413542470118
Aarhus,2022,21772.0,20887.0,885.0,361544,0.002447834841679021,2.447834841679021
Aarhus,2023,21817.0,19620.0,2197.0,367095,0.005984826815946826,5.9848268159468265
Aarhus,2024,21671.0,19360.0,2311.0,373388,0.006189272285129678,6.189272285129678
Aarhus,2025,21154.0,20195.0,959.0,378361,0.002534616411310891,2.5346164113108913
Albertslund,1992,2054.0,2437.0,-383.0,29572,-0.012951440551873394,-12.951440551873395
Albertslund,1993,1993.0,2324.0,-331.0,29611,-0.011178278342507852,-11.178278342507852
Albertslund,1994,1811.0,2298.0,-487.0,29570,-0.016469394656746704,-16.469394656746704
Albertslund,1995,1868.0,2385.0,-517.0,29389,-0.017591615910714894,-17.591615910714893
Albertslund,1996,1931.0,2075.0,-144.0,29207,-0.004930324922107714,-4.9303249221077134
Albertslund,1997,1854.0,2142.0,-288.0,29442,-0.009781944161402078,-9.781944161402079
Albertslund,1998,1694.0,2053.0,-359.0,29411,-0.01220631736425147,-12.20631736425147
Albertslund,1999,1734.0,2054.0,-320.0,29315,-0.010915913354937745,-10.915913354937745
Albertslund,2000,1793.0,2154.0,-361.0,29331,-0.012307797211141796,-12.307797211141796
Albertslund,2001,1666.0,2023.0,-357.0,29201,-0.01222560871203041,-12.225608712030409
Albertslund,2002,1579.0,2158.0,-579.0,29130,-0.01987641606591143,-19.87641606591143
Albertslund,2003,1534.0,1950.0,-416.0,28839,-0.014424910711189709,-14.424910711189709
Albertslund,2004,1760.0,2234.0,-474.0,28498,-0.016632746157625097,-16.632746157625096
Albertslund,2005,1720.0,2128.0,-408.0,28146,-0.014495843103815818,-14.495843103815819
Albertslund,2006,1698.0,1987.0,-289.0,27853,-0.010375902057229023,-10.375902057229023
Albertslund,2007,1650.0,1866.0,-216.0,27602,-0.007825519889863053,-7.8255198898630525
Albertslund,2008,1925.0,2014.0,-89.0,27706,-0.003212300584710893,-3.212300584710893
Albertslund,2009,1840.0,1940.0,-100.0,27730,-0.003606202668589975,-3.6062026685899746
Albertslund,2010,1785.0,1915.0,-130.0,27800,-0.004676258992805755,-4.676258992805755
Albertslund,2011,1942.0,1999.0,-57.0,27864,-0.002045650301464255,-2.045650301464255
Albertslund,2012,1838.0,2038.0,-200.0,27824,-0.00718803910293272,-7.18803910293272
Albertslund,2013,1802.0,2036.0,-234.0,27728,-0.008439122908251587,-8.439122908251587
Albertslund,2014,1989.0,1955.0,34.0,27806,0.0012227576781989498,1.2227576781989498
Albertslund,2015,2102.0,2212.0,-110.0,27880,-0.003945480631276901,-3.945480631276901
Albertslund,2016,1829.0,2069.0,-240.0,27896,-0.008603383997705764,-8.603383997705764
Albertslund,2017,1911.0,2247.0,-336.0,27743,-0.012111163176296723,-12.111163176296722
Albertslund,2018,2116.0,2185.0,-69.0,27877,-0.0024751587330057037,-2.4751587330057037
Albertslund,2019,2141.0,2349.0,-208.0,27731,-0.007500631062709603,-7.500631062709603
Albertslund,2020,1999.0,2420.0,-421.0,27366,-0.01538405320470657,-15.38405320470657
Albertslund,2021,2438.0,2413.0,25.0,27599,0.0009058299213739628,0.9058299213739628
Albertslund,2022,1911.0,2260.0,-349.0,27530,-0.012677079549582275,-12.677079549582274
Albertslund,2023,1979.0,2129.0,-150.0,27677,-0.005419662535679445,-5.419662535679445
Albertslund,2024,2142.0,2166.0,-24.0,28117,-0.0008535761283209447,-0.8535761283209446
Albertslund,2025,2906.0,2254.0,652.0,29262,0.022281457179960357,22.281457179960356
Allerød,1992,1205.0,1416.0,-211.0,21690,-0.009727985246657446,-9.727985246657447
Allerød,1993,1242.0,1251.0,-9.0,21581,-0.0004170335016913025,-0.41703350169130254
Allerød,1994,1346.0,1369.0,-23.0,21747,-0.0010576171425943808,-1.0576171425943808
Allerød,1995,1403.0,1324.0,79.0,21844,0.0036165537447353964,3.6165537447353966
Allerød,1996,1535.0,1476.0,59.0,22159,0.0026625750259488246,2.662575025948825
Allerød,1997,1417.0,1343.0,74.0,22423,0.003300182847968604,3.3001828479686037
Allerød,1998,1450.0,1419.0,31.0,22661,0.0013679890560875513,1.3679890560875512
Allerød,1999,1198.0,1316.0,-118.0,22911,-0.005150364453755838,-5.150364453755838
Allerød,2000,1296.0,1381.0,-85.0,22943,-0.003704833718345465,-3.704833718345465
Allerød,2001,1072.0,1274.0,-202.0,23079,-0.008752545604228952,-8.752545604228953
Allerød,2002,1407.0,1310.0,97.0,23070,0.0042045947117468575,4.204594711746857
Allerød,2003,1167.0,1235.0,-68.0,23374,-0.002909215367502353,-2.909215367502353
Allerød,2004,1252.0,1376.0,-124.0,23425,-0.005293489861259338,-5.293489861259339
Allerød,2005,1200.0,1365.0,-165.0,23458,-0.007033847727854037,-7.033847727854036
Allerød,2006,1149.0,1190.0,-41.0,23498,-0.0017448293471784833,-1.7448293471784833
Allerød,2007,924.0,1143.0,-219.0,23493,-0.009321925679989785,-9.321925679989786
Allerød,2008,1204.0,1067.0,137.0,23821,0.005751227908148272,5.751227908148272
Allerød,2009,1175.0,986.0,189.0,24089,0.007845904769811948,7.8459047698119475
Allerød,2010,1025.0,1112.0,-87.0,24096,-0.0036105577689243026,-3.6105577689243025
Allerød,2011,1117.0,1149.0,-32.0,24043,-0.0013309487168822525,-1.3309487168822525
Allerød,2012,1061.0,1042.0,19.0,24073,0.0007892659826361484,0.7892659826361483
Allerød,2013,1233.0,1158.0,75.0,24175,0.0031023784901758012,3.102378490175801
Allerød,2014,1313.0,1164.0,149.0,24411,0.006103805661382164,6.103805661382164
Allerød,2015,1432.0,1287.0,145.0,24732,0.005862849749312632,5.862849749312632
Allerød,2016,1393.0,1350.0,43.0,24942,0.0017239996792558737,1.7239996792558736
Allerød,2017,1562.0,1393.0,169.0,25235,0.006697047751139291,6.697047751139291
Allerød,2018,1777.0,1400.0,377.0,25646,0.014700148171254777,14.700148171254778
Allerød,2019,1407.0,1452.0,-45.0,25633,-0.0017555494869894276,-1.7555494869894277
Allerød,2020,1675.0,1527.0,148.0,25893,0.005715830533348782,5.7158305333487816
Allerød,2021,1599.0,1699.0,-100.0,25867,-0.0038659295627633664,-3.8659295627633665
Allerød,2022,1319.0,1310.0,9.0,26061,0.00034534361689881433,0.3453436168988143
Allerød,2023,1121.0,1231.0,-110.0,25962,-0.004236961713273245,-4.236961713273245
Allerød,2024,1349.0,1233.0,116.0,26128,0.004439681567666871,4.439681567666871
Allerød,2025,1693.0,1344.0,349.0,26496,0.013171799516908212,13.171799516908212
Assens,1992,2723.0,2732.0,-9.0,40251,-0.00022359692926883805,-0.22359692926883803
Assens,1993,2628.0,2581.0,47.0,40281,0.0011668032074675404,1.1668032074675405
Assens,1994,2826.0,2824.0,2.0,40402,4.950249987624375e-05,0.04950249987624375
Assens,1995,2892.0,2810.0,82.0,40460,0.002026693030153238,2.026693030153238
Assens,1996,2823.0,2835.0,-12.0,40597,-0.0002955883439663029,-0.2955883439663029
Assens,1997,2873.0,2973.0,-100.0,40735,-0.002454891371056831,-2.454891371056831
Assens,1998,2772.0,2753.0,19.0,40703,0.0004667960592585313,0.4667960592585313
Assens,1999,2842.0,2726.0,116.0,40780,0.0028445316331535066,2.8445316331535064
Assens,2000,2617.0,2659.0,-42.0,40869,-0.001027673786977905,-1.027673786977905
Assens,2001,2609.0,2641.0,-32.0,41055,-0.0007794422116672756,-0.7794422116672756
Assens,2002,2566.0,2655.0,-89.0,41226,-0.0021588318051714937,-2.1588318051714936
Assens,2003,2631.0,2709.0,-78.0,41141,-0.00189591891300649,-1.89591891300649
Assens,2004,2942.0,2838.0,104.0,41109,0.002529859641441047,2.529859641441047
Assens,2005,3029.0,2862.0,167.0,41201,0.004053299677192301,4.053299677192301
Assens,2006,2400.0,2080.0,320.0,41369,0.007735260702458362,7.735260702458362
Assens,2007,2275.0,2168.0,107.0,42054,0.0025443477433775624,2.5443477433775623
Assens,2008,1995.0,2110.0,-115.0,42128,-0.0027297759210026585,-2.7297759210026586
Assens,2009,1822.0,1925.0,-103.0,42054,-0.002449231939886812,-2.449231939886812
Assens,2010,1638.0,2000.0,-362.0,41635,-0.008694607902005524,-8.694607902005524
Assens,2011,1816.0,2029.0,-213.0,41443,-0.0051395893154453105,-5.139589315445311
Assens,2012,1812.0,1997.0,-185.0,41325,-0.004476709013914095,-4.476709013914095
Assens,2013,1711.0,2074.0,-363.0,41037,-0.008845675853498063,-8.845675853498063
Assens,2014,1918.0,2003.0,-85.0,41046,-0.0020708473420065292,-2.0708473420065294
Assens,2015,2071.0,2157.0,-86.0,41224,-0.0020861633999611877,-2.0861633999611877
Assens,2016,2094.0,2149.0,-55.0,41390,-0.0013288233872916163,-1.3288233872916164
Assens,2017,2104.0,2163.0,-59.0,41328,-0.0014276035617499033,-1.4276035617499032
Assens,2018,2186.0,2258.0,-72.0,41212,-0.0017470639619528293,-1.7470639619528294
Assens,2019,2123.0,2248.0,-125.0,40965,-0.0030513853289393386,-3.0513853289393387
Assens,2020,2312.0,2386.0,-74.0,40867,-0.001810751951452272,-1.810751951452272
Assens,2021,2537.0,2449.0,88.0,40972,0.0021478082592990334,2.1478082592990333
Assens,2022,2263.0,2427.0,-164.0,40944,-0.0040054708870652595,-4.005470887065259
Assens,2023,1993.0,2171.0,-178.0,40646,-0.00437927471337893,-4.379274713378931
Assens,2024,1987.0,2108.0,-121.0,40469,-0.002989942919271541,-2.989942919271541
Assens,2025,2109.0,2107.0,2.0,40369,4.954296613738264e-05,0.04954296613738264
Ballerup,1992,2162.0,2546.0,-384.0,45476,-0.008444014425191309,-8.444014425191309
Ballerup,1993,2018.0,2502.0,-484.0,45427,-0.010654456600700024,-10.654456600700025
Ballerup,1994,2241.0,2433.0,-192.0,45293,-0.004239065639282009,-4.239065639282009
Ballerup,1995,2118.0,2467.0,-349.0,45356,-0.007694682070729341,-7.694682070729341
Ballerup,1996,2086.0,2513.0,-427.0,45310,-0.009423968218936218,-9.423968218936217
Ballerup,1997,2388.0,2397.0,-9.0,45080,-0.00019964507542147294,-0.19964507542147295
Ballerup,1998,2209.0,2442.0,-233.0,45276,-0.005146214329887799,-5.146214329887799
Ballerup,1999,2010.0,2223.0,-213.0,45286,-0.0047034403568431745,-4.703440356843174
Ballerup,2000,2376.0,2252.0,124.0,45317,0.002736279983229252,2.736279983229252
Ballerup,2001,2568.0,2139.0,429.0,45724,0.009382381243985653,9.382381243985654
Ballerup,2002,2254.0,2293.0,-39.0,46342,-0.0008415692028829139,-0.8415692028829139
Ballerup,2003,2423.0,2402.0,21.0,46443,0.00045216717266326466,0.45216717266326467
Ballerup,2004,2548.0,2517.0,31.0,46610,0.0006650933276121004,0.6650933276121004
Ballerup,2005,2484.0,2674.0,-190.0,46759,-0.0040633888663145065,-4.063388866314506
Ballerup,2006,2490.0,2373.0,117.0,46654,0.0025078235521070005,2.5078235521070007
Ballerup,2007,2391.0,2359.0,32.0,47116,0.000679174802614823,0.679174802614823
Ballerup,2008,2423.0,2359.0,64.0,47398,0.0013502679437950968,1.3502679437950968
Ballerup,2009,2199.0,2189.0,10.0,47652,0.0002098547804918996,0.20985478049189962
Ballerup,2010,2478.0,2393.0,85.0,47930,0.0017734195702065513,1.7734195702065514
Ballerup,2011,2474.0,2380.0,94.0,47994,0.0019585781556027836,1.9585781556027835
Ballerup,2012,2618.0,2401.0,217.0,48211,0.0045010474787911476,4.501047478791148
Ballerup,2013,2708.0,2642.0,66.0,48514,0.0013604320402358081,1.360432040235808
Ballerup,2014,2570.0,2705.0,-135.0,48355,-0.002791851928445869,-2.791851928445869
Ballerup,2015,2668.0,2842.0,-174.0,48224,-0.003608161911081619,-3.608161911081619
Ballerup,2016,2632.0,2705.0,-73.0,48231,-0.0015135493769567292,-1.5135493769567292
Ballerup,2017,2816.0,2931.0,-115.0,48295,-0.002381198881871829,-2.3811988818718293
Ballerup,2018,2877.0,2831.0,46.0,48458,0.0009492756613974989,0.9492756613974989
Ballerup,2019,2711.0,2673.0,38.0,48602,0.0007818608287724785,0.7818608287724785
Ballerup,2020,3486.0,2833.0,653.0,49310,0.013242749949300345,13.242749949300345
Ballerup,2021,3036.0,3250.0,-214.0,49274,-0.004343061249340423,-4.343061249340423
Ballerup,2022,3105.0,2821.0,284.0,50039,0.005675573053018646,5.6755730530186455
Ballerup,2023,3742.0,2818.0,924.0,51237,0.018033842730839043,18.033842730839044
Ballerup,2024,4209.0,3041.0,1168.0,52939,0.02206312926198077,22.06312926198077
Ballerup,2025,3788.0,3324.0,464.0,53950,0.008600556070435588,8.600556070435589
Billund,1992,2026.0,2078.0,-52.0,25181,-0.002065049044914817,-2.065049044914817
Billund,1993,2037.0,2054.0,-17.0,25342,-0.0006708231394522927,-0.6708231394522927
Billund,1994,2286.0,2337.0,-51.0,25507,-0.0019994511310620616,-1.9994511310620615
Billund,1995,2238.0,2352.0,-114.0,25645,-0.004445310976798596,-4.445310976798596
Billund,1996,2331.0,2320.0,11.0,25783,0.000426637707016251,0.426637707016251
Billund,1997,2227.0,2204.0,23.0,25923,0.000887242988851599,0.887242988851599
Billund,1998,2028.0,2195.0,-167.0,26115,-0.0063947922649818115,-6.394792264981811
Billund,1999,2031.0,2133.0,-102.0,26072,-0.003912243019331083,-3.912243019331083
Billund,2000,1948.0,2219.0,-271.0,26033,-0.010409864402873276,-10.409864402873277
Billund,2001,1999.0,2217.0,-218.0,26032,-0.008374308543331285,-8.374308543331285
Billund,2002,2017.0,2140.0,-123.0,26013,-0.004728405028255103,-4.728405028255103
Billund,2003,2085.0,2113.0,-28.0,26021,-0.0010760539564198149,-1.0760539564198148
Billund,2004,2099.0,2319.0,-220.0,26143,-0.008415254561450484,-8.415254561450483
Billund,2005,2128.0,2291.0,-163.0,26076,-0.006250958736002454,-6.250958736002454
Billund,2006,1314.0,1415.0,-101.0,26133,-0.0038648452148624343,-3.8648452148624344
Billund,2007,1272.0,1329.0,-57.0,26181,-0.0021771513693136244,-2.1771513693136244
Billund,2008,1217.0,1280.0,-63.0,26235,-0.0024013722126929675,-2.4013722126929675
Billund,2009,1058.0,1132.0,-74.0,26160,-0.0028287461773700306,-2.8287461773700304
Billund,2010,1010.0,1199.0,-189.0,26155,-0.007226151787421143,-7.226151787421143
Billund,2011,1165.0,1300.0,-135.0,26220,-0.005148741418764302,-5.148741418764302
Billund,2012,1261.0,1313.0,-52.0,26357,-0.0019729104222787116,-1.9729104222787115
Billund,2013,1083.0,1343.0,-260.0,26318,-0.009879170149707425,-9.879170149707425
Billund,2014,1146.0,1342.0,-196.0,26285,-0.0074567243675099865,-7.456724367509986
Billund,2015,1232.0,1398.0,-166.0,26434,-0.006279791178028297,-6.2797911780282965
Billund,2016,1290.0,1460.0,-170.0,26481,-0.006419697141346626,-6.419697141346625
Billund,2017,1285.0,1441.0,-156.0,26482,-0.005890793746695869,-5.890793746695869
Billund,2018,1350.0,1360.0,-10.0,26629,-0.0003755304367418979,-0.3755304367418979
Billund,2019,1182.0,1348.0,-166.0,26608,-0.006238725195429946,-6.2387251954299465
Billund,2020,1289.0,1432.0,-143.0,26551,-0.005385861172837182,-5.385861172837181
Billund,2021,1460.0,1545.0,-85.0,26631,-0.0031917689910254967,-3.1917689910254965
Billund,2022,1462.0,1470.0,-8.0,27021,-0.00029606602272306724,-0.29606602272306726
Billund,2023,1351.0,1429.0,-78.0,27119,-0.0028762122497142223,-2.8762122497142224
Billund,2024,1348.0,1474.0,-126.0,27168,-0.004637809187279152,-4.637809187279152
Billund,2025,1270.0,1521.0,-251.0,27200,-0.009227941176470588,-9.227941176470589
Bornholm,1992,2352.0,2591.0,-239.0,90964,-0.0026274130425223167,-2.6274130425223166
Bornholm,1993,2291.0,2405.0,-114.0,90334,-0.0012619833063962627,-1.2619833063962627
Bornholm,1994,2479.0,2516.0,-37.0,90022,-0.00041101064184310504,-0.41101064184310504
Bornholm,1995,2811.0,2920.0,-109.0,89759,-0.0012143629051125792,-1.214362905112579
Bornholm,1996,2734.0,3033.0,-299.0,90262,-0.00331257893687266,-3.3125789368726597
Bornholm,1997,2756.0,2877.0,-121.0,89942,-0.001345311422916991,-1.345311422916991
Bornholm,1998,2531.0,2700.0,-169.0,89474,-0.001888816862999307,-1.888816862999307
Bornholm,1999,2607.0,2752.0,-145.0,88955,-0.0016300376594907537,-1.6300376594907537
Bornholm,2000,2805.0,2841.0,-36.0,88575,-0.00040643522438611344,-0.40643522438611346
Bornholm,2001,2806.0,2709.0,97.0,88150,0.0011003970504821327,1.1003970504821328
Bornholm,2002,2719.0,2744.0,-25.0,88288,-0.00028316418992388546,-0.2831641899238855
Bornholm,2003,1230.0,1404.0,-174.0,43956,-0.003958503958503959,-3.9585039585039588
Bornholm,2004,1360.0,1498.0,-138.0,43673,-0.003159847045085064,-3.159847045085064
Bornholm,2005,1355.0,1388.0,-33.0,43347,-0.0007612983597480794,-0.7612983597480794
Bornholm,2006,1299.0,1322.0,-23.0,43245,-0.0005318533934558909,-0.5318533934558909
Bornholm,2007,1268.0,1369.0,-101.0,42817,-0.002358876147324661,-2.358876147324661
Bornholm,2008,1132.0,1289.0,-157.0,42563,-0.003688649766228884,-3.688649766228884
Bornholm,2009,947.0,1196.0,-249.0,42154,-0.005906912748493619,-5.906912748493619
Bornholm,2010,999.0,1135.0,-136.0,41802,-0.003253432850102866,-3.253432850102866
Bornholm,2011,939.0,1181.0,-242.0,41303,-0.005859138561363581,-5.859138561363581
Bornholm,2012,866.0,1238.0,-372.0,40715,-0.00913668181259978,-9.13668181259978
Bornholm,2013,954.0,1318.0,-364.0,40215,-0.009051348999129677,-9.051348999129678
Bornholm,2014,1046.0,1273.0,-227.0,39828,-0.005699507883900773,-5.699507883900774
Bornholm,2015,1150.0,1229.0,-79.0,39756,-0.001987121440788812,-1.9871214407888118
Bornholm,2016,1278.0,1255.0,23.0,39695,0.0005794180627283033,0.5794180627283033
Bornholm,2017,1279.0,1186.0,93.0,39632,0.0023465886152603957,2.3465886152603956
Bornholm,2018,1306.0,1148.0,158.0,39572,0.003992722126756293,3.9927221267562927
Bornholm,2019,1307.0,1198.0,109.0,39499,0.0027595635332540065,2.7595635332540067
Bornholm,2020,1509.0,1319.0,190.0,39570,0.004801617386909275,4.801617386909275
Bornholm,2021,1457.0,1368.0,89.0,39545,0.0022506005816158806,2.2506005816158807
Bornholm,2022,1232.0,1248.0,-16.0,39602,-0.00040401999898995,-0.40401999898995
Bornholm,2023,1061.0,1134.0,-73.0,39332,-0.0018559951184785924,-1.8559951184785923
Bornholm,2024,1018.0,1164.0,-146.0,38966,-0.003746856233639583,-3.746856233639583
Bornholm,2025,994.0,1233.0,-239.0,38677,-0.006179383095896786,-6.179383095896786
Brøndby,1992,2154.0,2468.0,-314.0,33794,-0.00929159022311653,-9.291590223116529
Brøndby,1993,2280.0,2567.0,-287.0,33746,-0.008504711669531203,-8.504711669531202
Brøndby,1994,2165.0,2467.0,-302.0,33634,-0.008979009335791164,-8.979009335791163
Brøndby,1995,2932.0,2343.0,589.0,33579,0.017540724857798028,17.54072485779803
Brøndby,1996,1950.0,2055.0,-105.0,34388,-0.003053390717692218,-3.0533907176922184
Brøndby,1997,1767.0,2112.0,-345.0,34458,-0.010012188751523593,-10.012188751523594
Brøndby,1998,1723.0,1913.0,-190.0,34360,-0.005529685681024447,-5.529685681024447
Brøndby,1999,1641.0,1803.0,-162.0,34391,-0.004710534732924311,-4.7105347329243115
Brøndby,2000,1908.0,1879.0,29.0,34354,0.0008441520638062525,0.8441520638062525
Brøndby,2001,1877.0,1877.0,0.0,34498,0.0,0.0
Brøndby,2002,1967.0,1876.0,91.0,34542,0.002634473973713161,2.634473973713161
Brøndby,2003,1858.0,1829.0,29.0,34676,0.0008363133002653131,0.8363133002653131
Brøndby,2004,1845.0,2051.0,-206.0,34708,-0.005935231070646537,-5.935231070646537
Brøndby,2005,1914.0,2208.0,-294.0,34513,-0.008518529249847884,-8.518529249847884
Brøndby,2006,1867.0,2097.0,-230.0,34247,-0.006715916722632639,-6.715916722632639
Brøndby,2007,1666.0,1822.0,-156.0,33831,-0.004611155449144276,-4.611155449144276
Brøndby,2008,1891.0,2046.0,-155.0,33762,-0.0045909602511699545,-4.590960251169954
Brøndby,2009,1932.0,1946.0,-14.0,33795,-0.0004142624648616659,-0.4142624648616659
Brøndby,2010,2144.0,1957.0,187.0,34021,0.005496605038064725,5.4966050380647244
Brøndby,2011,1962.0,1905.0,57.0,34084,0.0016723389273559442,1.6723389273559441
Brøndby,2012,2054.0,2011.0,43.0,34210,0.0012569424144986845,1.2569424144986845
Brøndby,2013,2190.0,2027.0,163.0,34580,0.004713707345286293,4.713707345286292
Brøndby,2014,2313.0,2213.0,100.0,35050,0.0028530670470756064,2.8530670470756063
Brøndby,2015,2402.0,2341.0,61.0,35322,0.0017269690278013702,1.7269690278013703
Brøndby,2016,2428.0,2386.0,42.0,35594,0.001179974152947126,1.179974152947126
Brøndby,2017,2448.0,2551.0,-103.0,35538,-0.002898306038606562,-2.898306038606562
Brøndby,2018,2416.0,2724.0,-308.0,35397,-0.008701302370257366,-8.701302370257366
Brøndby,2019,2272.0,2681.0,-409.0,35090,-0.011655742376745512,-11.655742376745511
Brøndby,2020,2533.0,2550.0,-17.0,35232,-0.00048251589464123526,-0.4825158946412353
Brøndby,2021,2995.0,2688.0,307.0,35651,0.008611259151215954,8.611259151215954
Brøndby,2022,3527.0,2575.0,952.0,37128,0.02564102564102564,25.64102564102564
Brøndby,2023,3700.0,2812.0,888.0,39067,0.022730181483093147,22.730181483093148
Brøndby,2024,3773.0,3235.0,538.0,40401,0.013316502066780525,13.316502066780524
Brøndby,2025,3659.0,3646.0,13.0,40990,0.0003171505245181752,0.3171505245181752
Brønderslev,1992,1338.0,1404.0,-66.0,35302,-0.001869582459917285,-1.869582459917285
Brønderslev,1993,1441.0,1440.0,1.0,35204,2.840586297011703e-05,0.028405862970117032
Brønderslev,1994,1465.0,1581.0,-116.0,35285,-0.0032875159416182512,-3.2875159416182513
Brønderslev,1995,1584.0,1733.0,-149.0,35205,-0.004232353358897884,-4.232353358897884
Brønderslev,1996,1651.0,1681.0,-30.0,35088,-0.0008549931600547196,-0.8549931600547196
Brønderslev,1997,1587.0,1619.0,-32.0,35127,-0.0009109801577134398,-0.9109801577134398
Brønderslev,1998,1661.0,1654.0,7.0,35241,0.00019863227490706848,0.19863227490706847
Brønderslev,1999,1685.0,1655.0,30.0,35219,0.0008518129418779636,0.8518129418779636
Brønderslev,2000,1634.0,1635.0,-1.0,35249,-2.8369599137564186e-05,-0.028369599137564185
Brønderslev,2001,1669.0,1754.0,-85.0,35296,-0.002408204895738894,-2.4082048957388937
Brønderslev,2002,1670.0,1689.0,-19.0,35397,-0.0005367686527106817,-0.5367686527106817
Brønderslev,2003,1654.0,1693.0,-39.0,35518,-0.001098034799256715,-1.098034799256715
Brønderslev,2004,1669.0,1820.0,-151.0,35508,-0.004252562802748676,-4.252562802748677
Brønderslev,2005,1720.0,1880.0,-160.0,35320,-0.004530011325028313,-4.530011325028313
Brønderslev,2006,1914.0,1762.0,152.0,35313,0.0043043638320165375,4.304363832016538
Brønderslev,2007,1830.0,1862.0,-32.0,35525,-0.0009007741027445461,-0.9007741027445461
Brønderslev,2008,1598.0,1590.0,8.0,35762,0.00022370113528326157,0.22370113528326158
Brønderslev,2009,1530.0,1616.0,-86.0,35804,-0.0024019662607529884,-2.4019662607529884
Brønderslev,2010,1537.0,1602.0,-65.0,35789,-0.0018162005085361425,-1.8162005085361426
Brønderslev,2011,1542.0,1671.0,-129.0,35754,-0.0036079879174358113,-3.6079879174358114
Brønderslev,2012,1502.0,1705.0,-203.0,35600,-0.005702247191011236,-5.702247191011236
Brønderslev,2013,1573.0,1625.0,-52.0,35627,-0.0014595671821932804,-1.4595671821932803
Brønderslev,2014,1620.0,1726.0,-106.0,35781,-0.0029624661133003547,-2.962466113300355
Brønderslev,2015,1757.0,1757.0,0.0,36047,0.0,0.0
Brønderslev,2016,1758.0,1825.0,-67.0,36128,-0.001854517271922055,-1.8545172719220548
Brønderslev,2017,1933.0,1843.0,90.0,36289,0.002480090385516272,2.480090385516272
Brønderslev,2018,1946.0,1925.0,21.0,36370,0.000577398955182843,0.577398955182843
Brønderslev,2019,1809.0,1874.0,-65.0,36304,-0.0017904363155575144,-1.7904363155575145
Brønderslev,2020,2015.0,2083.0,-68.0,36177,-0.0018796472897144594,-1.8796472897144594
Brønderslev,2021,2051.0,2049.0,2.0,36194,5.525777753218766e-05,0.055257777532187656
Brønderslev,2022,2022.0,1832.0,190.0,36540,0.005199781061850027,5.199781061850027
Brønderslev,2023,1814.0,1749.0,65.0,36614,0.0017752772163653248,1.7752772163653248
Brønderslev,2024,1839.0,1760.0,79.0,36706,0.0021522366915490655,2.1522366915490654
Brønderslev,2025,1650.0,1846.0,-196.0,36529,-0.005365599934298776,-5.365599934298776
Dragør,1992,717.0,752.0,-35.0,12365,-0.0028305701577031944,-2.8305701577031943
Dragør,1993,652.0,710.0,-58.0,12374,-0.004687247454339745,-4.687247454339745
Dragør,1994,776.0,645.0,131.0,12329,0.010625354854408306,10.625354854408306
Dragør,1995,726.0,733.0,-7.0,12484,-0.0005607177186799103,-0.5607177186799103
Dragør,1996,775.0,681.0,94.0,12519,0.007508586947839284,7.508586947839284
Dragør,1997,734.0,661.0,73.0,12725,0.005736738703339882,5.736738703339882
Dragør,1998,602.0,657.0,-55.0,12778,-0.004304272969165753,-4.304272969165753
Dragør,1999,597.0,602.0,-5.0,12789,-0.000390960982093987,-0.390960982093987
Dragør,2000,741.0,648.0,93.0,12753,0.007292401787814632,7.292401787814632
Dragør,2001,687.0,592.0,95.0,12912,0.007357496902106567,7.3574969021065675
Dragør,2002,623.0,666.0,-43.0,13075,-0.003288718929254302,-3.2887189292543018
Dragør,2003,630.0,647.0,-17.0,13028,-0.0013048817930610991,-1.3048817930610992
Dragør,2004,644.0,604.0,40.0,13076,0.0030590394616090547,3.059039461609055
Dragør,2005,703.0,708.0,-5.0,13156,-0.0003800547278808148,-0.3800547278808148
Dragør,2006,598.0,567.0,31.0,13154,0.0023566975824844153,2.3566975824844154
Dragør,2007,623.0,552.0,71.0,13261,0.005354045697911168,5.354045697911168
Dragør,2008,683.0,591.0,92.0,13411,0.006860040265453732,6.8600402654537325
Dragør,2009,732.0,551.0,181.0,13564,0.01334414626953701,13.34414626953701
Dragør,2010,695.0,613.0,82.0,13717,0.00597798352409419,5.97798352409419
Dragør,2011,609.0,642.0,-33.0,13692,-0.0024101665205959683,-2.4101665205959684
Dragør,2012,819.0,659.0,160.0,13917,0.011496730617230725,11.496730617230725
Dragør,2013,755.0,714.0,41.0,13977,0.0029333905702225082,2.933390570222508
Dragør,2014,829.0,795.0,34.0,14028,0.002423723980610208,2.423723980610208
Dragør,2015,938.0,874.0,64.0,14142,0.004525526799604016,4.525526799604016
Dragør,2016,907.0,816.0,91.0,14288,0.006368980963045913,6.368980963045913
Dragør,2017,871.0,865.0,6.0,14272,0.0004204035874439462,0.42040358744394624
Dragør,2018,795.0,804.0,-9.0,14270,-0.0006306937631394534,-0.6306937631394535
Dragør,2019,1029.0,799.0,230.0,14494,0.015868635297364427,15.868635297364428
Dragør,2020,878.0,819.0,59.0,14569,0.0040496945569359595,4.049694556935959
Dragør,2021,917.0,886.0,31.0,14640,0.002117486338797814,2.1174863387978142
Dragør,2022,637.0,655.0,-18.0,14609,-0.001232117188034773,-1.2321171880347732
Dragør,2023,702.0,688.0,14.0,14569,0.0009609444711373464,0.9609444711373464
Dragør,2024,625.0,714.0,-89.0,14450,-0.00615916955017301,-6.159169550173011
Dragør,2025,778.0,714.0,64.0,14474,0.00442172170789001,4.4217217078900095
Egedal,1992,2404.0,2682.0,-278.0,35676,-0.007792353402847853,-7.792353402847853
Egedal,1993,2523.0,2622.0,-99.0,35809,-0.0027646681001982742,-2.764668100198274
Egedal,1994,2339.0,2707.0,-368.0,36089,-0.010197012940231096,-10.197012940231096
Egedal,1995,2671.0,2800.0,-129.0,36081,-0.003575288933233558,-3.575288933233558
Egedal,1996,2873.0,2700.0,173.0,36359,0.004758106658598971,4.7581066585989715
Egedal,1997,2705.0,2647.0,58.0,36868,0.0015731799934902897,1.5731799934902897
Egedal,1998,2516.0,2672.0,-156.0,37293,-0.00418309066044566,-4.183090660445661
Egedal,1999,2375.0,2527.0,-152.0,37485,-0.004054955315459517,-4.054955315459517
Egedal,2000,2374.0,2407.0,-33.0,37733,-0.000874566029735245,-0.874566029735245
Egedal,2001,2419.0,2584.0,-165.0,37967,-0.004345879316248321,-4.345879316248321
Egedal,2002,2247.0,2283.0,-36.0,38176,-0.0009430008382229673,-0.9430008382229673
Egedal,2003,2295.0,2422.0,-127.0,38464,-0.0033017886855241266,-3.3017886855241265
Egedal,2004,2812.0,2474.0,338.0,38585,0.008759880782687572,8.759880782687572
Egedal,2005,2921.0,2523.0,398.0,39267,0.010135737387628288,10.135737387628287
Egedal,2006,2027.0,2157.0,-130.0,39948,-0.0032542304996495443,-3.254230499649544
Egedal,2007,2197.0,2020.0,177.0,40533,0.004366812227074236,4.366812227074235
Egedal,2008,2109.0,1877.0,232.0,41031,0.005654261412103044,5.654261412103044
Egedal,2009,2012.0,1828.0,184.0,41513,0.00443234649386939,4.43234649386939
Egedal,2010,1926.0,2045.0,-119.0,41614,-0.0028596145527947326,-2.8596145527947328
Egedal,2011,1947.0,1986.0,-39.0,41821,-0.0009325458501709667,-0.9325458501709667
Egedal,2012,2028.0,2055.0,-27.0,42018,-0.0006425817506782807,-0.6425817506782807
Egedal,2013,2212.0,2175.0,37.0,42210,0.0008765695332859512,0.8765695332859512
Egedal,2014,2272.0,2223.0,49.0,42573,0.0011509642261527259,1.150964226152726
Egedal,2015,2316.0,2463.0,-147.0,42773,-0.0034367474808874757,-3.4367474808874756
Egedal,2016,2511.0,2575.0,-64.0,43082,-0.0014855392043080637,-1.4855392043080637
Egedal,2017,2494.0,2740.0,-246.0,43000,-0.005720930232558139,-5.720930232558139
Egedal,2018,2864.0,2708.0,156.0,43335,0.0035998615437867775,3.5998615437867776
Egedal,2019,2583.0,2714.0,-131.0,43354,-0.0030216358352170504,-3.0216358352170505
Egedal,2020,2957.0,2815.0,142.0,43696,0.0032497253753203956,3.2497253753203954
Egedal,2021,3384.0,3007.0,377.0,44375,0.008495774647887325,8.495774647887325
Egedal,2022,3006.0,2621.0,385.0,45202,0.008517322242378656,8.517322242378656
Egedal,2023,2652.0,2622.0,30.0,45532,0.0006588772731265923,0.6588772731265923
Egedal,2024,2548.0,2710.0,-162.0,45563,-0.003555516537541426,-3.5555165375414264
Egedal,2025,3017.0,2635.0,382.0,46240,0.008261245674740484,8.261245674740485
Esbjerg,1992,5061.0,5303.0,-242.0,112853,-0.002144382515307524,-2.144382515307524
Esbjerg,1993,4933.0,5427.0,-494.0,113493,-0.0043526913554139905,-4.352691355413991
Esbjerg,1994,5014.0,5788.0,-774.0,113917,-0.006794420499135335,-6.794420499135335
Esbjerg,1995,5140.0,5847.0,-707.0,113918,-0.0062062185080496496,-6.206218508049649
Esbjerg,1996,5134.0,5805.0,-671.0,114462,-0.00586220754486205,-5.86220754486205
Esbjerg,1997,5183.0,5564.0,-381.0,114376,-0.0033311184164510036,-3.3311184164510035
Esbjerg,1998,5119.0,5510.0,-391.0,114524,-0.0034141315357479655,-3.4141315357479654
Esbjerg,1999,5053.0,5565.0,-512.0,114653,-0.0044656485220622225,-4.465648522062223
Esbjerg,2000,4886.0,5489.0,-603.0,114589,-0.005262285210622311,-5.262285210622311
Esbjerg,2001,4993.0,5522.0,-529.0,114404,-0.004623964197056047,-4.623964197056047
Esbjerg,2002,4932.0,5431.0,-499.0,114148,-0.0043715176788029575,-4.371517678802958
Esbjerg,2003,5100.0,5356.0,-256.0,114072,-0.0022441966477312575,-2.2441966477312576
Esbjerg,2004,5085.0,5573.0,-488.0,114135,-0.004275638498269593,-4.275638498269593
Esbjerg,2005,5204.0,5936.0,-732.0,114097,-0.00641559374917833,-6.41559374917833
Esbjerg,2006,3867.0,4295.0,-428.0,113755,-0.0037624719792536594,-3.762471979253659
Esbjerg,2007,3760.0,4255.0,-495.0,114244,-0.004332831483491475,-4.332831483491475
Esbjerg,2008,3565.0,3963.0,-398.0,114595,-0.0034731009206335354,-3.4731009206335353
Esbjerg,2009,3642.0,3866.0,-224.0,115114,-0.0019458971106902723,-1.9458971106902723
Esbjerg,2010,3490.0,3928.0,-438.0,115184,-0.0038026114738158078,-3.8026114738158077
Esbjerg,2011,3620.0,3972.0,-352.0,115112,-0.0030578914448537078,-3.057891444853708
Esbjerg,2012,3723.0,4150.0,-427.0,115051,-0.003711397554128169,-3.711397554128169
Esbjerg,2013,3696.0,4097.0,-401.0,115095,-0.003484078370042139,-3.484078370042139
Esbjerg,2014,3936.0,4200.0,-264.0,115446,-0.0022867834312145937,-2.2867834312145936
Esbjerg,2015,3895.0,4419.0,-524.0,115748,-0.004527076061789405,-4.527076061789405
Esbjerg,2016,3883.0,4454.0,-571.0,115905,-0.004926448384452785,-4.926448384452785
Esbjerg,2017,4017.0,4484.0,-467.0,116032,-0.004024751792608935,-4.024751792608935
Esbjerg,2018,3987.0,4507.0,-520.0,115652,-0.004496247362777989,-4.496247362777989
Esbjerg,2019,4143.0,4478.0,-335.0,115483,-0.0029008598668202245,-2.9008598668202246
Esbjerg,2020,4317.0,4464.0,-147.0,115579,-0.0012718573443272567,-1.2718573443272567
Esbjerg,2021,4153.0,4677.0,-524.0,115459,-0.004538407573251111,-4.538407573251111
Esbjerg,2022,3945.0,4531.0,-586.0,115758,-0.005062285112044092,-5.0622851120440915
Esbjerg,2023,3695.0,4196.0,-501.0,115423,-0.004340556041690131,-4.340556041690131
Esbjerg,2024,3667.0,4049.0,-382.0,115157,-0.003317210417082765,-3.317210417082765
Esbjerg,2025,3763.0,4057.0,-294.0,114947,-0.002557700505450338,-2.5577005054503377
Faaborg-Midtfyn,1992,3060.0,2945.0,115.0,50402,0.0022816554898615134,2.2816554898615133
Faaborg-Midtfyn,1993,2958.0,3082.0,-124.0,50619,-0.002449673047669847,-2.449673047669847
Faaborg-Midtfyn,1994,3245.0,3284.0,-39.0,50611,-0.000770583469996641,-0.7705834699966411
Faaborg-Midtfyn,1995,3223.0,3332.0,-109.0,50671,-0.0021511318110951035,-2.1511318110951034
Faaborg-Midtfyn,1996,3219.0,3412.0,-193.0,50820,-0.0037977174340810705,-3.7977174340810707
Faaborg-Midtfyn,1997,3347.0,3347.0,0.0,50714,0.0,0.0
Faaborg-Midtfyn,1998,3186.0,3132.0,54.0,50771,0.001063599298812314,1.063599298812314
Faaborg-Midtfyn,1999,3027.0,3138.0,-111.0,50827,-0.002183878647175714,-2.183878647175714
Faaborg-Midtfyn,2000,3049.0,3107.0,-58.0,50763,-0.0011425644662450998,-1.1425644662450998
Faaborg-Midtfyn,2001,2931.0,3051.0,-120.0,50674,-0.002368078304455934,-2.368078304455934
Faaborg-Midtfyn,2002,3148.0,3097.0,51.0,50733,0.0010052628466678494,1.0052628466678493
Faaborg-Midtfyn,2003,3171.0,3093.0,78.0,50868,0.001533380514272234,1.5333805142722339
Faaborg-Midtfyn,2004,3313.0,3235.0,78.0,51015,0.001528962069979418,1.528962069979418
Faaborg-Midtfyn,2005,3364.0,3427.0,-63.0,51144,-0.0012318160488033786,-1.2318160488033787
Faaborg-Midtfyn,2006,3031.0,2652.0,379.0,51144,0.007410448928515564,7.410448928515564
Faaborg-Midtfyn,2007,2721.0,2541.0,180.0,51950,0.0034648700673724736,3.4648700673724737
Faaborg-Midtfyn,2008,2495.0,2553.0,-58.0,52108,-0.0011130728486988563,-1.1130728486988564
Faaborg-Midtfyn,2009,2332.0,2362.0,-30.0,52085,-0.0005759815685898052,-0.5759815685898052
Faaborg-Midtfyn,2010,2240.0,2490.0,-250.0,51926,-0.004814543773831992,-4.814543773831992
Faaborg-Midtfyn,2011,2307.0,2565.0,-258.0,51635,-0.004996610825990123,-4.996610825990123
Faaborg-Midtfyn,2012,2281.0,2598.0,-317.0,51409,-0.006166235484059211,-6.166235484059211
Faaborg-Midtfyn,2013,2272.0,2557.0,-285.0,51078,-0.0055797016327968985,-5.5797016327968985
Faaborg-Midtfyn,2014,2412.0,2547.0,-135.0,50953,-0.002649500520087139,-2.6495005200871393
Faaborg-Midtfyn,2015,2727.0,2641.0,86.0,51236,0.0016785072995550005,1.6785072995550006
Faaborg-Midtfyn,2016,2737.0,2684.0,53.0,51376,0.0010316100903145437,1.0316100903145438
Faaborg-Midtfyn,2017,2808.0,2645.0,163.0,51536,0.003162837628065818,3.162837628065818
Faaborg-Midtfyn,2018,2975.0,2715.0,260.0,51809,0.005018433090775734,5.018433090775734
Faaborg-Midtfyn,2019,2804.0,2847.0,-43.0,51556,-0.000834044534098844,-0.8340445340988439
Faaborg-Midtfyn,2020,3019.0,2844.0,175.0,51683,0.003386026352959387,3.386026352959387
Faaborg-Midtfyn,2021,3163.0,3039.0,124.0,51849,0.002391560107234469,2.391560107234469
Faaborg-Midtfyn,2022,2926.0,2734.0,192.0,52253,0.0036744301762578224,3.674430176257822
Faaborg-Midtfyn,2023,2823.0,2658.0,165.0,52291,0.0031554187145015396,3.1554187145015398
Faaborg-Midtfyn,2024,2710.0,2627.0,83.0,52284,0.0015874837426363706,1.5874837426363706
Faaborg-Midtfyn,2025,2769.0,2619.0,150.0,52328,0.0028665341690872954,2.8665341690872954
Fanø,1992,203.0,207.0,-4.0,3178,-0.0012586532410320957,-1.2586532410320956
Fanø,1993,285.0,224.0,61.0,3153,0.01934665398033619,19.34665398033619
Fanø,1994,231.0,229.0,2.0,3192,0.0006265664160401002,0.6265664160401002
Fanø,1995,237.0,266.0,-29.0,3209,-0.009037083203490184,-9.037083203490184
Fanø,1996,228.0,254.0,-26.0,3272,-0.007946210268948655,-7.946210268948655
Fanø,1997,261.0,235.0,26.0,3241,0.008022215365627893,8.022215365627893
Fanø,1998,225.0,216.0,9.0,3269,0.0027531355154481493,2.7531355154481494
Fanø,1999,225.0,264.0,-39.0,3267,-0.011937557392102846,-11.937557392102846
Fanø,2000,230.0,221.0,9.0,3214,0.0028002489110143126,2.8002489110143127
Fanø,2001,226.0,222.0,4.0,3212,0.0012453300124533001,1.2453300124533002
Fanø,2002,156.0,207.0,-51.0,3227,-0.01580415246358847,-15.804152463588471
Fanø,2003,203.0,201.0,2.0,3169,0.0006311139160618492,0.6311139160618492
Fanø,2004,212.0,214.0,-2.0,3169,-0.0006311139160618492,-0.6311139160618492
Fanø,2005,207.0,214.0,-7.0,3151,-0.002221516978736909,-2.221516978736909
Fanø,2006,223.0,188.0,35.0,3143,0.011135857461024499,11.135857461024498
Fanø,2007,163.0,152.0,11.0,3192,0.003446115288220551,3.4461152882205512
Fanø,2008,178.0,174.0,4.0,3207,0.0012472715933894605,1.2472715933894605
Fanø,2009,145.0,165.0,-20.0,3219,-0.006213109661385523,-6.2131096613855235
Fanø,2010,166.0,156.0,10.0,3213,0.003112356053532524,3.112356053532524
Fanø,2011,189.0,146.0,43.0,3251,0.013226699477083975,13.226699477083974
Fanø,2012,175.0,170.0,5.0,3237,0.0015446400988569664,1.5446400988569664
Fanø,2013,161.0,140.0,21.0,3264,0.006433823529411764,6.4338235294117645
Fanø,2014,166.0,188.0,-22.0,3263,-0.006742261722341404,-6.742261722341404
Fanø,2015,193.0,175.0,18.0,3290,0.00547112462006079,5.47112462006079
Fanø,2016,194.0,163.0,31.0,3345,0.009267563527653214,9.267563527653214
Fanø,2017,214.0,166.0,48.0,3401,0.014113496030579242,14.113496030579242
Fanø,2018,214.0,190.0,24.0,3404,0.007050528789659225,7.050528789659225
Fanø,2019,260.0,188.0,72.0,3488,0.020642201834862386,20.642201834862387
Fanø,2020,199.0,225.0,-26.0,3456,-0.007523148148148148,-7.523148148148148
Fanø,2021,219.0,223.0,-4.0,3427,-0.0011672016340822876,-1.1672016340822877
Fanø,2022,196.0,204.0,-8.0,3426,-0.002335084646818447,-2.335084646818447
Fanø,2023,160.0,191.0,-31.0,3357,-0.009234435507893953,-9.234435507893954
Fanø,2024,148.0,192.0,-44.0,3270,-0.01345565749235474,-13.45565749235474
Fanø,2025,227.0,156.0,71.0,3332,0.021308523409363747,21.308523409363747
Favrskov,1992,2834.0,2927.0,-93.0,37230,-0.0024979854955680903,-2.4979854955680905
Favrskov,1993,2631.0,2920.0,-289.0,37438,-0.007719429456701747,-7.7194294567017465
Favrskov,1994,3163.0,3090.0,73.0,37395,0.0019521326380532156,1.9521326380532156
Favrskov,1995,3152.0,3200.0,-48.0,37798,-0.0012699084607651198,-1.2699084607651199
Favrskov,1996,3256.0,3146.0,110.0,38152,0.0028832040260012583,2.883204026001258
Favrskov,1997,3400.0,3325.0,75.0,38594,0.0019433072498315801,1.9433072498315802
Favrskov,1998,3185.0,3300.0,-115.0,38989,-0.0029495498730411143,-2.9495498730411143
Favrskov,1999,3224.0,3046.0,178.0,39227,0.004537690876182221,4.5376908761822214
Favrskov,2000,3035.0,3154.0,-119.0,39746,-0.0029940119760479044,-2.9940119760479043
Favrskov,2001,2957.0,2985.0,-28.0,39973,-0.0007004728191529283,-0.7004728191529282
Favrskov,2002,2944.0,2935.0,9.0,40431,0.0002226014691696965,0.2226014691696965
Favrskov,2003,3242.0,3062.0,180.0,40698,0.004422821760283061,4.422821760283061
Favrskov,2004,3504.0,3240.0,264.0,41075,0.006427267194157029,6.42726719415703
Favrskov,2005,3778.0,3519.0,259.0,41596,0.006226560246177517,6.226560246177517
Favrskov,2006,2784.0,2465.0,319.0,42123,0.007573059848538803,7.5730598485388025
Favrskov,2007,2617.0,2336.0,281.0,45604,0.006161740198228225,6.161740198228225
Favrskov,2008,2534.0,2350.0,184.0,46248,0.0039785504238021106,3.9785504238021105
Favrskov,2009,2105.0,2160.0,-55.0,46529,-0.0011820585011498206,-1.1820585011498206
Favrskov,2010,2153.0,2113.0,40.0,46894,0.0008529875890305796,0.8529875890305796
Favrskov,2011,2252.0,2286.0,-34.0,47117,-0.0007216079122185199,-0.7216079122185198
Favrskov,2012,2152.0,2400.0,-248.0,47156,-0.005259139876155739,-5.259139876155738
Favrskov,2013,2338.0,2522.0,-184.0,47163,-0.0039013633568687318,-3.901363356868732
Favrskov,2014,2293.0,2360.0,-67.0,47523,-0.0014098436546514318,-1.409843654651432
Favrskov,2015,2365.0,2698.0,-333.0,47655,-0.006987724268177526,-6.9877242681775265
Favrskov,2016,2526.0,2626.0,-100.0,47915,-0.002087029114056141,-2.087029114056141
Favrskov,2017,2746.0,2647.0,99.0,48271,0.002050920842742019,2.050920842742019
Favrskov,2018,2689.0,2805.0,-116.0,48374,-0.002397982387232811,-2.397982387232811
Favrskov,2019,2583.0,2757.0,-174.0,48397,-0.00359526416926669,-3.59526416926669
Favrskov,2020,2721.0,2870.0,-149.0,48381,-0.0030797213782269898,-3.07972137822699
Favrskov,2021,3223.0,3034.0,189.0,48880,0.0038666121112929624,3.8666121112929623
Favrskov,2022,2659.0,2676.0,-17.0,49408,-0.00034407383419689117,-0.3440738341968912
Favrskov,2023,2378.0,2524.0,-146.0,49377,-0.0029568422544909573,-2.956842254490957
Favrskov,2024,2359.0,2486.0,-127.0,49359,-0.002572985676371077,-2.572985676371077
Favrskov,2025,2596.0,2435.0,161.0,49773,0.0032346854720430754,3.2346854720430755
Faxe,1992,2169.0,2102.0,67.0,32033,0.0020915930446726815,2.0915930446726816
Faxe,1993,2192.0,2184.0,8.0,32175,0.00024864024864024864,0.24864024864024864
Faxe,1994,2284.0,2170.0,114.0,32246,0.0035353222105067297,3.5353222105067297
Faxe,1995,2157.0,1999.0,158.0,32354,0.004883476540767756,4.883476540767757
Faxe,1996,2145.0,2251.0,-106.0,32570,-0.003254528707399447,-3.254528707399447
Faxe,1997,2435.0,2098.0,337.0,32462,0.010381368985275091,10.38136898527509
Faxe,1998,2355.0,2122.0,233.0,32838,0.00709543821182776,7.09543821182776
Faxe,1999,2231.0,2314.0,-83.0,33139,-0.002504601828661094,-2.504601828661094
Faxe,2000,2525.0,2145.0,380.0,33150,0.011463046757164403,11.463046757164403
Faxe,2001,2233.0,2252.0,-19.0,33577,-0.0005658635375405783,-0.5658635375405784
Faxe,2002,2361.0,2207.0,154.0,33682,0.0045721750489875895,4.57217504898759
Faxe,2003,2605.0,2301.0,304.0,33832,0.008985575786237881,8.985575786237881
Faxe,2004,2612.0,2549.0,63.0,34220,0.0018410286382232613,1.8410286382232612
Faxe,2005,2832.0,2553.0,279.0,34313,0.0081310290560429,8.1310290560429
Faxe,2006,2495.0,2109.0,386.0,34661,0.011136435763538271,11.136435763538271
Faxe,2007,2098.0,1901.0,197.0,35418,0.005562143542831329,5.562143542831329
Faxe,2008,1771.0,1769.0,2.0,35441,5.6431816258006264e-05,0.056431816258006265
Faxe,2009,1653.0,1811.0,-158.0,35306,-0.004475160029456749,-4.475160029456749
Faxe,2010,1791.0,1896.0,-105.0,35277,-0.00297644357513394,-2.97644357513394
Faxe,2011,1729.0,1903.0,-174.0,35110,-0.004955853033323839,-4.955853033323839
Faxe,2012,1807.0,1854.0,-47.0,35123,-0.0013381544856646641,-1.338154485664664
Faxe,2013,1769.0,1842.0,-73.0,35119,-0.002078646886300863,-2.078646886300863
Faxe,2014,1938.0,1898.0,40.0,35195,0.001136525074584458,1.136525074584458
Faxe,2015,2087.0,2027.0,60.0,35614,0.0016847307238726343,1.6847307238726343
Faxe,2016,2131.0,1926.0,205.0,35916,0.005707762557077625,5.707762557077626
Faxe,2017,2351.0,2194.0,157.0,36139,0.004344337142699023,4.344337142699023
Faxe,2018,2478.0,2106.0,372.0,36513,0.010188152164982336,10.188152164982336
Faxe,2019,2451.0,2315.0,136.0,36576,0.0037182852143482063,3.718285214348206
Faxe,2020,2403.0,2307.0,96.0,36713,0.0026148775638057363,2.614877563805736
Faxe,2021,2863.0,2455.0,408.0,37161,0.01097925244207637,10.97925244207637
Faxe,2022,2307.0,2346.0,-39.0,37344,-0.001044344473007712,-1.044344473007712
Faxe,2023,2510.0,2114.0,396.0,37753,0.01048923264376341,10.48923264376341
Faxe,2024,2310.0,2130.0,180.0,37820,0.004759386567953464,4.759386567953464
Faxe,2025,2539.0,2164.0,375.0,38143,0.009831423852345122,9.831423852345122
Fredensborg,1992,2791.0,2914.0,-123.0,37699,-0.0032626860128915887,-3.2626860128915887
Fredensborg,1993,2948.0,2809.0,139.0,37856,0.003671808960270499,3.671808960270499
Fredensborg,1994,2920.0,2946.0,-26.0,38277,-0.000679259085090263,-0.679259085090263
Fredensborg,1995,2770.0,3076.0,-306.0,38484,-0.007951356407857811,-7.951356407857811
Fredensborg,1996,2950.0,2872.0,78.0,38491,0.0020264477410303705,2.0264477410303705
Fredensborg,1997,2603.0,2634.0,-31.0,38857,-0.0007977970507244512,-0.7977970507244512
Fredensborg,1998,2437.0,2610.0,-173.0,39004,-0.004435442518716029,-4.4354425187160285
Fredensborg,1999,2505.0,2577.0,-72.0,39041,-0.001844215055966804,-1.844215055966804
Fredensborg,2000,2593.0,2656.0,-63.0,39222,-0.0016062413951353832,-1.606241395135383
Fredensborg,2001,2408.0,2572.0,-164.0,39352,-0.004167513722301281,-4.167513722301281
Fredensborg,2002,2503.0,2541.0,-38.0,39318,-0.0009664784577038506,-0.9664784577038507
Fredensborg,2003,2403.0,2594.0,-191.0,39500,-0.004835443037974683,-4.8354430379746836
Fredensborg,2004,2493.0,2828.0,-335.0,39414,-0.008499517937788604,-8.499517937788603
Fredensborg,2005,2654.0,2672.0,-18.0,39187,-0.00045933600428713604,-0.45933600428713606
Fredensborg,2006,2379.0,2240.0,139.0,39131,0.003552170913086811,3.552170913086811
Fredensborg,2007,2097.0,2194.0,-97.0,39240,-0.0024719673802242608,-2.4719673802242608
Fredensborg,2008,1995.0,2125.0,-130.0,39254,-0.003311764406175167,-3.311764406175167
Fredensborg,2009,1927.0,2113.0,-186.0,39226,-0.004741752918982308,-4.741752918982308
Fredensborg,2010,2150.0,2154.0,-4.0,39341,-0.00010167509722681172,-0.10167509722681171
Fredensborg,2011,2289.0,2207.0,82.0,39565,0.002072538860103627,2.0725388601036268
Fredensborg,2012,2121.0,2357.0,-236.0,39462,-0.0059804368759819575,-5.980436875981957
Fredensborg,2013,2488.0,2483.0,5.0,39585,0.00012631047113805733,0.12631047113805732
Fredensborg,2014,2737.0,2704.0,33.0,39772,0.0008297294579100875,0.8297294579100876
Fredensborg,2015,2843.0,2759.0,84.0,40112,0.002094136418029517,2.094136418029517
Fredensborg,2016,2857.0,2732.0,125.0,40504,0.0030861149516097177,3.086114951609718
Fredensborg,2017,2892.0,2850.0,42.0,40779,0.0010299418818509527,1.0299418818509527
Fredensborg,2018,2789.0,2796.0,-7.0,40819,-0.0001714887674857297,-0.1714887674857297
Fredensborg,2019,2666.0,2833.0,-167.0,40865,-0.004086626697663037,-4.086626697663037
Fredensborg,2020,2999.0,2964.0,35.0,40998,0.0008537001804966096,0.8537001804966096
Fredensborg,2021,3128.0,3027.0,101.0,41211,0.0024508019703477226,2.4508019703477224
Fredensborg,2022,2880.0,2582.0,298.0,41689,0.007148168581640241,7.148168581640241
Fredensborg,2023,2864.0,2511.0,353.0,42009,0.008402961270204004,8.402961270204004
Fredensborg,2024,2582.0,2465.0,117.0,42186,0.0027734319442469066,2.7734319442469064
Fredensborg,2025,2767.0,2660.0,107.0,42445,0.002520909412180469,2.520909412180469
Fredericia,1992,1758.0,1768.0,-10.0,46617,-0.0002145140184911084,-0.2145140184911084
Fredericia,1993,1729.0,1799.0,-70.0,46817,-0.001495183373560886,-1.495183373560886
Fredericia,1994,1895.0,1996.0,-101.0,46952,-0.002151133072073607,-2.151133072073607
Fredericia,1995,2007.0,2042.0,-35.0,47037,-0.0007440950740906095,-0.7440950740906095
Fredericia,1996,2069.0,1882.0,187.0,47260,0.003956834532374101,3.9568345323741005
Fredericia,1997,1971.0,1975.0,-4.0,47616,-8.400537634408603e-05,-0.08400537634408603
Fredericia,1998,2080.0,2129.0,-49.0,47837,-0.0010243117252336058,-1.0243117252336058
Fredericia,1999,2047.0,2060.0,-13.0,47947,-0.0002711327090328905,-0.2711327090328905
Fredericia,2000,2051.0,1983.0,68.0,48066,0.0014147214247076936,1.4147214247076936
Fredericia,2001,2074.0,1949.0,125.0,48216,0.0025925004148000664,2.5925004148000665
Fredericia,2002,2102.0,2056.0,46.0,48487,0.0009487079010868893,0.9487079010868893
Fredericia,2003,2289.0,2069.0,220.0,48533,0.0045329981661961965,4.532998166196196
Fredericia,2004,2354.0,2189.0,165.0,48857,0.0033772028573182964,3.3772028573182964
Fredericia,2005,2345.0,2260.0,85.0,49147,0.0017295053614666206,1.7295053614666207
Fredericia,2006,2181.0,2243.0,-62.0,49252,-0.001258832128644522,-1.258832128644522
Fredericia,2007,2332.0,2285.0,47.0,49463,0.0009502052038897762,0.9502052038897763
Fredericia,2008,2192.0,2191.0,1.0,49690,2.0124773596297043e-05,0.02012477359629704
Fredericia,2009,2132.0,2119.0,13.0,49849,0.00026078757848703086,0.2607875784870309
Fredericia,2010,2168.0,2021.0,147.0,50104,0.0029338974932141145,2.9338974932141144
Fredericia,2011,2239.0,2174.0,65.0,50193,0.001295001295001295,1.295001295001295
Fredericia,2012,2207.0,2240.0,-33.0,50374,-0.0006550998530988208,-0.6550998530988208
Fredericia,2013,2163.0,2353.0,-190.0,50324,-0.003775534536205389,-3.7755345362053894
Fredericia,2014,2167.0,2219.0,-52.0,50429,-0.001031152709750342,-1.0311527097503421
Fredericia,2015,2355.0,2373.0,-18.0,50689,-0.0003551066306299197,-0.3551066306299197
Fredericia,2016,2270.0,2326.0,-56.0,50868,-0.0011008885743492962,-1.1008885743492962
Fredericia,2017,2602.0,2350.0,252.0,51326,0.004909792307992051,4.909792307992051
Fredericia,2018,2424.0,2412.0,12.0,51427,0.00023334046318081942,0.2333404631808194
Fredericia,2019,2401.0,2435.0,-34.0,51377,-0.0006617747240983319,-0.6617747240983319
Fredericia,2020,2517.0,2640.0,-123.0,51275,-0.0023988298391028765,-2.3988298391028766
Fredericia,2021,2744.0,2471.0,273.0,51606,0.005290082548540867,5.290082548540867
Fredericia,2022,2699.0,2410.0,289.0,52173,0.005539263603779733,5.539263603779733
Fredericia,2023,2625.0,2408.0,217.0,52485,0.0041345146232256835,4.134514623225684
Fredericia,2024,2550.0,2540.0,10.0,52616,0.000190056256651969,0.19005625665196899
Fredericia,2025,2622.0,2415.0,207.0,52939,0.003910160751053099,3.910160751053099
Frederiksberg,1992,10785.0,9716.0,1069.0,86372,0.012376696151530588,12.376696151530588
Frederiksberg,1993,10918.0,10210.0,708.0,87173,0.0081217808266321,8.1217808266321
Frederiksberg,1994,11295.0,10396.0,899.0,87466,0.010278279560057623,10.278279560057623
Frederiksberg,1995,11252.0,10771.0,481.0,88002,0.005465784868525715,5.4657848685257155
Frederiksberg,1996,10667.0,10335.0,332.0,88789,0.0037392019281667775,3.7392019281667777
Frederiksberg,1997,10596.0,10401.0,195.0,89230,0.0021853636669281634,2.1853636669281635
Frederiksberg,1998,10553.0,10095.0,458.0,89507,0.005116918229859117,5.116918229859117
Frederiksberg,1999,10015.0,9944.0,71.0,90227,0.0007869041417757434,0.7869041417757434
Frederiksberg,2000,10474.0,10149.0,325.0,90327,0.0035980382388433136,3.5980382388433134
Frederiksberg,2001,10272.0,10333.0,-61.0,91076,-0.000669770301726031,-0.6697703017260309
Frederiksberg,2002,10211.0,10257.0,-46.0,91322,-0.0005037121394625611,-0.5037121394625611
Frederiksberg,2003,10553.0,10727.0,-174.0,91435,-0.0019029911959315361,-1.9029911959315362
Frederiksberg,2004,11178.0,11385.0,-207.0,91721,-0.002256844125118566,-2.2568441251185662
Frederiksberg,2005,11210.0,11643.0,-433.0,91886,-0.004712360969026838,-4.712360969026838
Frederiksberg,2006,10466.0,10806.0,-340.0,91855,-0.0037014860377769312,-3.7014860377769314
Frederiksberg,2007,10500.0,10430.0,70.0,93444,0.0007491117674757073,0.7491117674757073
Frederiksberg,2008,10484.0,10139.0,345.0,95029,0.0036304706984183776,3.6304706984183777
Frederiksberg,2009,10856.0,9948.0,908.0,96718,0.009388118033871668,9.388118033871669
Frederiksberg,2010,11876.0,10894.0,982.0,98782,0.00994108238343018,9.94108238343018
Frederiksberg,2011,11423.0,11017.0,406.0,100215,0.004051289727086764,4.051289727086764
Frederiksberg,2012,11639.0,11148.0,491.0,102029,0.004812357270971979,4.812357270971979
Frederiksberg,2013,12021.0,11729.0,292.0,102717,0.0028427621523214267,2.8427621523214266
Frederiksberg,2014,11789.0,12368.0,-579.0,103192,-0.005610900069772851,-5.610900069772851
Frederiksberg,2015,12028.0,12345.0,-317.0,104481,-0.003034044467415128,-3.034044467415128
Frederiksberg,2016,10896.0,12036.0,-1140.0,105037,-0.01085331835448461,-10.85331835448461
Frederiksberg,2017,11273.0,12586.0,-1313.0,104410,-0.012575423809979887,-12.575423809979888
Frederiksberg,2018,11143.0,12284.0,-1141.0,103960,-0.010975375144286264,-10.975375144286264
Frederiksberg,2019,11469.0,12254.0,-785.0,104305,-0.007526005464742821,-7.526005464742821
Frederiksberg,2020,11801.0,13183.0,-1382.0,103677,-0.013329861010638811,-13.329861010638812
Frederiksberg,2021,12177.0,13204.0,-1027.0,103608,-0.009912361979769902,-9.912361979769901
Frederiksberg,2022,10993.0,11546.0,-553.0,104664,-0.005283574103798823,-5.283574103798823
Frederiksberg,2023,10753.0,11646.0,-893.0,104899,-0.008512950552436152,-8.512950552436152
Frederiksberg,2024,10586.0,11137.0,-551.0,105840,-0.005205971277399849,-5.205971277399849
Frederiksberg,2025,10941.0,11694.0,-753.0,106150,-0.007093735280263778,-7.093735280263778
Frederikshavn,1992,2440.0,2664.0,-224.0,66896,-0.0033484812245874193,-3.3484812245874194
Frederikshavn,1993,2346.0,2686.0,-340.0,66925,-0.005080313784086664,-5.080313784086664
Frederikshavn,1994,2569.0,2954.0,-385.0,66678,-0.005774018416869133,-5.774018416869133
Frederikshavn,1995,2531.0,2952.0,-421.0,66388,-0.006341507501355667,-6.341507501355666
Frederikshavn,1996,2523.0,2942.0,-419.0,66478,-0.00630283702879148,-6.30283702879148
Frederikshavn,1997,2546.0,2844.0,-298.0,66181,-0.004502802919266859,-4.502802919266859
Frederikshavn,1998,2675.0,2824.0,-149.0,66055,-0.0022556960109000076,-2.2556960109000075
Frederikshavn,1999,2627.0,2888.0,-261.0,65849,-0.003963613722304059,-3.963613722304059
Frederikshavn,2000,2559.0,2999.0,-440.0,65749,-0.006692116990372477,-6.692116990372477
Frederikshavn,2001,2519.0,2993.0,-474.0,65484,-0.007238409382444567,-7.2384093824445666
Frederikshavn,2002,2588.0,2775.0,-187.0,64992,-0.0028772772033481045,-2.8772772033481044
Frederikshavn,2003,2551.0,3014.0,-463.0,64705,-0.007155552121165289,-7.155552121165289
Frederikshavn,2004,2486.0,2893.0,-407.0,64209,-0.006338675263592331,-6.338675263592331
Frederikshavn,2005,2428.0,3060.0,-632.0,63799,-0.00990611138105613,-9.90611138105613
Frederikshavn,2006,2177.0,2378.0,-201.0,63084,-0.003186227886627354,-3.186227886627354
Frederikshavn,2007,2154.0,2315.0,-161.0,62751,-0.0025656961642045546,-2.5656961642045544
Frederikshavn,2008,1844.0,2172.0,-328.0,62525,-0.005245901639344262,-5.245901639344262
Frederikshavn,2009,1708.0,2179.0,-471.0,62007,-0.007595916590062412,-7.595916590062412
Frederikshavn,2010,1842.0,2114.0,-272.0,61576,-0.004417305443679355,-4.417305443679355
Frederikshavn,2011,1835.0,2201.0,-366.0,61158,-0.005984499166094379,-5.984499166094379
Frederikshavn,2012,1906.0,2211.0,-305.0,60775,-0.005018510900863842,-5.018510900863842
Frederikshavn,2013,1817.0,2153.0,-336.0,60458,-0.005557577161004333,-5.557577161004334
Frederikshavn,2014,1879.0,2079.0,-200.0,60377,-0.003312519668085529,-3.312519668085529
Frederikshavn,2015,1926.0,2156.0,-230.0,60246,-0.0038176808418816186,-3.817680841881619
Frederikshavn,2016,2128.0,2137.0,-9.0,60356,-0.00014911524951951753,-0.14911524951951752
Frederikshavn,2017,2052.0,2303.0,-251.0,60140,-0.004173594945128035,-4.173594945128035
Frederikshavn,2018,2113.0,2277.0,-164.0,59987,-0.002733925683898178,-2.733925683898178
Frederikshavn,2019,2069.0,2251.0,-182.0,59654,-0.0030509270124383947,-3.0509270124383945
Frederikshavn,2020,2066.0,2490.0,-424.0,59039,-0.007181693456867495,-7.181693456867495
Frederikshavn,2021,2261.0,2347.0,-86.0,58878,-0.0014606474404701246,-1.4606474404701246
Frederikshavn,2022,2041.0,2241.0,-200.0,58864,-0.003397662408263115,-3.397662408263115
Frederikshavn,2023,1972.0,2239.0,-267.0,58376,-0.004573797451007263,-4.5737974510072625
Frederikshavn,2024,1870.0,2173.0,-303.0,57882,-0.005234788017000103,-5.2347880170001035
Frederikshavn,2025,1996.0,2087.0,-91.0,57523,-0.001581975905290058,-1.581975905290058
Frederikssund,1992,2417.0,2236.0,181.0,39299,0.004605715158146517,4.605715158146517
Frederikssund,1993,2156.0,2046.0,110.0,39682,0.002772037699712716,2.772037699712716
Frederikssund,1994,2089.0,2122.0,-33.0,39963,-0.0008257638315441783,-0.8257638315441783
Frederikssund,1995,2172.0,2120.0,52.0,40139,0.0012954981439497746,1.2954981439497746
Frederikssund,1996,2347.0,2247.0,100.0,40545,0.002466395363176717,2.466395363176717
Frederikssund,1997,2406.0,2233.0,173.0,40885,0.004231380701968937,4.231380701968937
Frederikssund,1998,2449.0,2160.0,289.0,41099,0.007031801260371298,7.0318012603712985
Frederikssund,1999,2207.0,1985.0,222.0,41615,0.0053346149225039045,5.334614922503905
Frederikssund,2000,2293.0,2063.0,230.0,42058,0.005468638546768748,5.468638546768748
Frederikssund,2001,2199.0,2109.0,90.0,42572,0.0021140655830123086,2.1140655830123087
Frederikssund,2002,2196.0,2120.0,76.0,42980,0.0017682643089809214,1.7682643089809214
Frederikssund,2003,2330.0,2227.0,103.0,43463,0.002369831810965649,2.369831810965649
Frederikssund,2004,2628.0,2453.0,175.0,43798,0.003995616238184392,3.995616238184392
Frederikssund,2005,2919.0,2347.0,572.0,44140,0.01295876755777073,12.95876755777073
Frederikssund,2006,2331.0,2194.0,137.0,44991,0.0030450534551354717,3.0450534551354718
Frederikssund,2007,2108.0,2102.0,6.0,44102,0.00013604825177996463,0.13604825177996463
Frederikssund,2008,1978.0,1957.0,21.0,44246,0.00047461917461465446,0.47461917461465447
Frederikssund,2009,1890.0,1986.0,-96.0,44182,-0.0021728305644832737,-2.1728305644832737
Frederikssund,2010,2052.0,1993.0,59.0,44307,0.0013316180287539215,1.3316180287539214
Frederikssund,2011,2033.0,1990.0,43.0,44345,0.0009696696358101252,0.9696696358101252
Frederikssund,2012,1984.0,1953.0,31.0,44365,0.0006987490138622789,0.6987490138622788
Frederikssund,2013,2109.0,2094.0,15.0,44401,0.0003378302290488953,0.3378302290488953
Frederikssund,2014,2195.0,2231.0,-36.0,44413,-0.0008105734807376219,-0.8105734807376219
Frederikssund,2015,2392.0,2261.0,131.0,44725,0.0029290106204583567,2.9290106204583566
Frederikssund,2016,2556.0,2346.0,210.0,45036,0.004662936317612576,4.662936317612576
Frederikssund,2017,2645.0,2516.0,129.0,45189,0.0028546770231693552,2.854677023169355
Frederikssund,2018,2704.0,2569.0,135.0,45332,0.002978028765551928,2.978028765551928
Frederikssund,2019,2622.0,2583.0,39.0,45223,0.0008623930300953055,0.8623930300953055
Frederikssund,2020,2896.0,2649.0,247.0,45439,0.00543585906379982,5.43585906379982
Frederikssund,2021,3281.0,2830.0,451.0,45800,0.009847161572052402,9.847161572052402
Frederikssund,2022,2794.0,2585.0,209.0,46117,0.004531951341154021,4.531951341154021
Frederikssund,2023,2676.0,2395.0,281.0,46358,0.006061521204538591,6.061521204538591
Frederikssund,2024,3012.0,2393.0,619.0,47052,0.0131556575703477,13.155657570347701
Frederikssund,2025,3086.0,2669.0,417.0,47450,0.008788198103266597,8.788198103266597
Furesø,1992,2311.0,2429.0,-118.0,34445,-0.0034257511975613296,-3.4257511975613295
Furesø,1993,2501.0,2431.0,70.0,34590,0.002023706273489448,2.0237062734894478
Furesø,1994,2576.0,2406.0,170.0,34833,0.004880429477794046,4.880429477794046
Furesø,1995,2176.0,2371.0,-195.0,35198,-0.005540087504971873,-5.540087504971873
Furesø,1996,2153.0,2276.0,-123.0,35287,-0.0034857029500949357,-3.485702950094936
Furesø,1997,2524.0,2338.0,186.0,35517,0.0052369287946617115,5.236928794661711
Furesø,1998,2229.0,2111.0,118.0,35920,0.003285077951002227,3.285077951002227
Furesø,1999,2173.0,1987.0,186.0,36278,0.005127074259882022,5.127074259882022
Furesø,2000,1984.0,2039.0,-55.0,36670,-0.0014998636487592036,-1.4998636487592036
Furesø,2001,2169.0,1979.0,190.0,36808,0.005161921321451858,5.1619213214518584
Furesø,2002,1965.0,2266.0,-301.0,37219,-0.008087267255971413,-8.087267255971414
Furesø,2003,2112.0,2125.0,-13.0,36978,-0.00035156038725728814,-0.35156038725728816
Furesø,2004,2447.0,2246.0,201.0,37076,0.005421296795770849,5.421296795770849
Furesø,2005,2259.0,2264.0,-5.0,37311,-0.00013400873736967652,-0.13400873736967653
Furesø,2006,2136.0,2019.0,117.0,37370,0.003130853625903131,3.1308536259031308
Furesø,2007,1939.0,2010.0,-71.0,37667,-0.001884939071335652,-1.884939071335652
Furesø,2008,1975.0,1908.0,67.0,37864,0.0017694908092119163,1.7694908092119164
Furesø,2009,2254.0,2139.0,115.0,38232,0.0030079514542791378,3.0079514542791377
Furesø,2010,2192.0,2234.0,-42.0,38286,-0.001097006738755681,-1.097006738755681
Furesø,2011,2199.0,2333.0,-134.0,38243,-0.0035039092121433987,-3.5039092121433986
Furesø,2012,2213.0,2278.0,-65.0,38236,-0.001699968615964013,-1.6999686159640128
Furesø,2013,2365.0,2261.0,104.0,38492,0.0027018601267795907,2.7018601267795908
Furesø,2014,2565.0,2109.0,456.0,39077,0.011669268367581953,11.669268367581953
Furesø,2015,2989.0,2250.0,739.0,40156,0.018403227413088953,18.403227413088953
Furesø,2016,2638.0,2466.0,172.0,40613,0.004235097136384902,4.235097136384902
Furesø,2017,2741.0,2555.0,186.0,40911,0.004546454498790056,4.546454498790056
Furesø,2018,2559.0,2611.0,-52.0,41069,-0.0012661618252209695,-1.2661618252209694
Furesø,2019,2567.0,2618.0,-51.0,40965,-0.00124496521420725,-1.24496521420725
Furesø,2020,2810.0,2774.0,36.0,41001,0.000878027365186215,0.878027365186215
Furesø,2021,2978.0,2680.0,298.0,41402,0.007197719916912227,7.197719916912226
Furesø,2022,2743.0,2322.0,421.0,42077,0.010005466169166052,10.005466169166052
Furesø,2023,2629.0,2314.0,315.0,42533,0.007406014153715938,7.4060141537159385
Furesø,2024,2295.0,2356.0,-61.0,42540,-0.0014339445228020687,-1.4339445228020686
Furesø,2025,2537.0,2309.0,228.0,42874,0.005317908289406167,5.317908289406167
Gentofte,1992,5312.0,5116.0,196.0,66077,0.002966236360609592,2.966236360609592
Gentofte,1993,5389.0,5007.0,382.0,65986,0.005789106780226108,5.789106780226108
Gentofte,1994,5554.0,5238.0,316.0,66251,0.004769739324689439,4.769739324689438
Gentofte,1995,5445.0,5340.0,105.0,66508,0.0015787574427136586,1.5787574427136586
Gentofte,1996,5231.0,5098.0,133.0,66706,0.0019938236440500104,1.9938236440500103
Gentofte,1997,5231.0,5067.0,164.0,66986,0.0024482727734153405,2.4482727734153404
Gentofte,1998,5052.0,4911.0,141.0,67402,0.0020919260556066586,2.091926055606659
Gentofte,1999,5126.0,4874.0,252.0,67709,0.003721809508337149,3.7218095083371487
Gentofte,2000,4970.0,4957.0,13.0,67957,0.0001912974380858484,0.1912974380858484
Gentofte,2001,4879.0,4970.0,-91.0,68094,-0.0013363879343260786,-1.3363879343260785
Gentofte,2002,4724.0,4762.0,-38.0,68213,-0.0005570785627373082,-0.5570785627373082
Gentofte,2003,5094.0,4871.0,223.0,68314,0.003264338203003777,3.264338203003777
Gentofte,2004,5304.0,5314.0,-10.0,68704,-0.0001455519329296693,-0.1455519329296693
Gentofte,2005,4966.0,5340.0,-374.0,68991,-0.005420996941630067,-5.420996941630067
Gentofte,2006,4200.0,4663.0,-463.0,68623,-0.006747009020299317,-6.747009020299317
Gentofte,2007,4216.0,4408.0,-192.0,68913,-0.0027861216316224804,-2.78612163162248
Gentofte,2008,4661.0,4375.0,286.0,69794,0.00409777344757429,4.09777344757429
Gentofte,2009,5159.0,4431.0,728.0,71052,0.010246017001632607,10.246017001632607
Gentofte,2010,5127.0,4835.0,292.0,71714,0.004071729369439719,4.071729369439719
Gentofte,2011,5384.0,4629.0,755.0,72814,0.010368885104512868,10.368885104512868
Gentofte,2012,5476.0,4938.0,538.0,73360,0.007333696837513631,7.3336968375136316
Gentofte,2013,5873.0,5337.0,536.0,74282,0.007215745402654748,7.215745402654748
Gentofte,2014,5888.0,5612.0,276.0,74932,0.0036833395612021567,3.683339561202157
Gentofte,2015,6336.0,6379.0,-43.0,75350,-0.000570670205706702,-0.570670205706702
Gentofte,2016,5910.0,6217.0,-307.0,75805,-0.004049864784644812,-4.049864784644812
Gentofte,2017,5983.0,6321.0,-338.0,75803,-0.004458926427713943,-4.458926427713942
Gentofte,2018,5371.0,5851.0,-480.0,75176,-0.006385016494625945,-6.385016494625945
Gentofte,2019,5450.0,5956.0,-506.0,74830,-0.006761993852732861,-6.761993852732861
Gentofte,2020,5786.0,6198.0,-412.0,74550,-0.0055264922870556675,-5.526492287055667
Gentofte,2021,5858.0,6166.0,-308.0,74217,-0.004149992589298948,-4.149992589298948
Gentofte,2022,5109.0,5042.0,67.0,74838,0.0008952671102915631,0.8952671102915631
Gentofte,2023,5125.0,5117.0,8.0,75033,0.0001066197539749177,0.1066197539749177
Gentofte,2024,4881.0,5030.0,-149.0,75076,-0.0019846555490436357,-1.9846555490436357
Gentofte,2025,5480.0,5620.0,-140.0,75106,-0.0018640321678694111,-1.8640321678694112
Gladsaxe,1992,4202.0,4057.0,145.0,60604,0.002392581347765824,2.392581347765824
Gladsaxe,1993,4185.0,4041.0,144.0,60775,0.0023693953105717812,2.369395310571781
Gladsaxe,1994,4442.0,4245.0,197.0,60956,0.0032318393595380276,3.2318393595380277
Gladsaxe,1995,4217.0,4267.0,-50.0,61369,-0.0008147436001890205,-0.8147436001890205
Gladsaxe,1996,4175.0,4195.0,-20.0,61487,-0.00032527200871728984,-0.32527200871728984
Gladsaxe,1997,4345.0,4132.0,213.0,61459,0.003465725117558047,3.465725117558047
Gladsaxe,1998,3998.0,3908.0,90.0,61611,0.0014607781078054243,1.4607781078054243
Gladsaxe,1999,4142.0,3986.0,156.0,61783,0.002524966414709548,2.524966414709548
Gladsaxe,2000,4062.0,4043.0,19.0,61867,0.00030711041427578515,0.30711041427578517
Gladsaxe,2001,4006.0,3968.0,38.0,61896,0.0006139330489853948,0.6139330489853948
Gladsaxe,2002,3905.0,3884.0,21.0,61914,0.000339180153115612,0.339180153115612
Gladsaxe,2003,4195.0,4207.0,-12.0,62006,-0.00019352965842015288,-0.19352965842015288
Gladsaxe,2004,4633.0,4566.0,67.0,61993,0.0010807671833916732,1.0807671833916732
Gladsaxe,2005,4275.0,4554.0,-279.0,62007,-0.0044994919928395185,-4.499491992839518
Gladsaxe,2006,4303.0,4082.0,221.0,61735,0.0035798169595853244,3.579816959585324
Gladsaxe,2007,4485.0,3945.0,540.0,62562,0.008631437613887023,8.631437613887023
Gladsaxe,2008,4304.0,3948.0,356.0,63233,0.005629971691996268,5.629971691996268
Gladsaxe,2009,4881.0,4263.0,618.0,64102,0.00964088483978659,9.64088483978659
Gladsaxe,2010,4715.0,4172.0,543.0,64951,0.008360148419577836,8.360148419577836
Gladsaxe,2011,4551.0,4428.0,123.0,65303,0.001883527556161279,1.883527556161279
Gladsaxe,2012,5018.0,4516.0,502.0,66030,0.0076026048765712555,7.602604876571255
Gladsaxe,2013,5069.0,4804.0,265.0,66656,0.003975636101776284,3.975636101776284
Gladsaxe,2014,5290.0,4990.0,300.0,67347,0.004454541404962359,4.454541404962359
Gladsaxe,2015,5615.0,5392.0,223.0,67914,0.003283564508054304,3.283564508054304
Gladsaxe,2016,5916.0,5474.0,442.0,68775,0.006426753907669938,6.426753907669938
Gladsaxe,2017,6204.0,5889.0,315.0,69484,0.004533417765240919,4.533417765240919
Gladsaxe,2018,5666.0,5931.0,-265.0,69681,-0.0038030453064680472,-3.8030453064680474
Gladsaxe,2019,5435.0,5948.0,-513.0,69262,-0.007406658773930871,-7.406658773930871
Gladsaxe,2020,6012.0,6131.0,-119.0,69200,-0.0017196531791907515,-1.7196531791907514
Gladsaxe,2021,5803.0,6345.0,-542.0,69259,-0.007825697743253585,-7.825697743253585
Gladsaxe,2022,5395.0,5472.0,-77.0,70001,-0.0010999842859387723,-1.0999842859387723
Gladsaxe,2023,5475.0,5464.0,11.0,70600,0.00015580736543909348,0.1558073654390935
Gladsaxe,2024,5238.0,5620.0,-382.0,70958,-0.005383466275825136,-5.383466275825136
Gladsaxe,2025,5319.0,5670.0,-351.0,71185,-0.004930814075999157,-4.930814075999157
Glostrup,1992,1592.0,1324.0,268.0,19923,0.013451789389148221,13.451789389148221
Glostrup,1993,1518.0,1497.0,21.0,20237,0.0010377032168799724,1.0377032168799725
Glostrup,1994,1493.0,1484.0,9.0,20274,0.0004439183190292986,0.4439183190292986
Glostrup,1995,1393.0,1471.0,-78.0,20263,-0.0038493806445245027,-3.8493806445245027
Glostrup,1996,1421.0,1441.0,-20.0,20181,-0.0009910311679302314,-0.9910311679302314
Glostrup,1997,1378.0,1428.0,-50.0,20178,-0.0024779462781246903,-2.47794627812469
Glostrup,1998,1380.0,1397.0,-17.0,20104,-0.0008456028651014723,-0.8456028651014723
Glostrup,1999,1415.0,1280.0,135.0,20102,0.006715749676649089,6.715749676649089
Glostrup,2000,1406.0,1372.0,34.0,20229,0.0016807553512284345,1.6807553512284346
Glostrup,2001,1393.0,1277.0,116.0,20278,0.00572048525495611,5.72048525495611
Glostrup,2002,1481.0,1326.0,155.0,20412,0.007593572408387223,7.593572408387224
Glostrup,2003,1520.0,1346.0,174.0,20586,0.008452346254736228,8.452346254736229
Glostrup,2004,1467.0,1504.0,-37.0,20793,-0.0017794450055307073,-1.7794450055307074
Glostrup,2005,1443.0,1530.0,-87.0,20785,-0.004185710849170074,-4.185710849170074
Glostrup,2006,1385.0,1451.0,-66.0,20699,-0.0031885598338083966,-3.1885598338083967
Glostrup,2007,1449.0,1414.0,35.0,20673,0.001693029555458811,1.693029555458811
Glostrup,2008,1629.0,1383.0,246.0,21008,0.01170982482863671,11.70982482863671
Glostrup,2009,1575.0,1406.0,169.0,21296,0.007935762584522915,7.935762584522915
Glostrup,2010,1525.0,1472.0,53.0,21384,0.0024784885895997007,2.4784885895997006
Glostrup,2011,1601.0,1459.0,142.0,21650,0.006558891454965358,6.558891454965358
Glostrup,2012,1692.0,1581.0,111.0,21869,0.005075677900224062,5.075677900224062
Glostrup,2013,1747.0,1644.0,103.0,22066,0.004667814737605366,4.667814737605366
Glostrup,2014,1925.0,1841.0,84.0,22357,0.0037572125061501992,3.757212506150199
Glostrup,2015,1951.0,2089.0,-138.0,22461,-0.006143982903699746,-6.143982903699746
Glostrup,2016,1828.0,1975.0,-147.0,22528,-0.006525213068181818,-6.525213068181818
Glostrup,2017,1911.0,2045.0,-134.0,22663,-0.00591272117548427,-5.912721175484269
Glostrup,2018,1951.0,2077.0,-126.0,22615,-0.005571523325226619,-5.571523325226619
Glostrup,2019,2348.0,1900.0,448.0,23128,0.01937046004842615,19.37046004842615
Glostrup,2020,2416.0,2252.0,164.0,23380,0.0070145423438836615,7.014542343883662
Glostrup,2021,2201.0,2290.0,-89.0,23514,-0.0037849791613506845,-3.7849791613506847
Glostrup,2022,1968.0,2169.0,-201.0,23635,-0.008504336788660884,-8.504336788660884
Glostrup,2023,1892.0,2169.0,-277.0,23655,-0.01170999788628197,-11.70999788628197
Glostrup,2024,2678.0,2026.0,652.0,24869,0.02621737906630745,26.21737906630745
Glostrup,2025,2996.0,2487.0,509.0,25834,0.0197027173492297,19.702717349229697
Greve,1992,2825.0,3111.0,-286.0,45942,-0.00622524052065648,-6.22524052065648
Greve,1993,2999.0,2919.0,80.0,46012,0.0017386768669042858,1.7386768669042858
Greve,1994,3096.0,3145.0,-49.0,46474,-0.0010543529715539872,-1.0543529715539872
Greve,1995,2860.0,3085.0,-225.0,46809,-0.004806767929244376,-4.8067679292443755
Greve,1996,3043.0,3065.0,-22.0,46983,-0.0004682544750228806,-0.4682544750228806
Greve,1997,2915.0,3119.0,-204.0,47278,-0.0043149033377046404,-4.31490333770464
Greve,1998,2696.0,3009.0,-313.0,47485,-0.006591555227966726,-6.591555227966726
Greve,1999,2777.0,2853.0,-76.0,47631,-0.0015955995045243644,-1.5955995045243645
Greve,2000,2739.0,2925.0,-186.0,47859,-0.0038864163480223156,-3.8864163480223155
Greve,2001,2708.0,2730.0,-22.0,48033,-0.0004580184456519476,-0.4580184456519476
Greve,2002,2454.0,2800.0,-346.0,48278,-0.007166825469157794,-7.166825469157794
Greve,2003,2122.0,2646.0,-524.0,48227,-0.01086528293279698,-10.865282932796982
Greve,2004,2608.0,3117.0,-509.0,47971,-0.010610577223739343,-10.610577223739343
Greve,2005,2943.0,2832.0,111.0,47671,0.002328459650521281,2.328459650521281
Greve,2006,2239.0,2797.0,-558.0,47968,-0.01163275517011341,-11.632755170113409
Greve,2007,2369.0,2401.0,-32.0,47773,-0.0006698344253029954,-0.6698344253029954
Greve,2008,2189.0,2213.0,-24.0,47951,-0.000500510938249463,-0.5005109382494629
Greve,2009,2088.0,2269.0,-181.0,47826,-0.003784552335549701,-3.784552335549701
Greve,2010,2257.0,2260.0,-3.0,47978,-6.252865896869398e-05,-0.06252865896869397
Greve,2011,2111.0,2309.0,-198.0,47942,-0.0041299904050727965,-4.129990405072797
Greve,2012,2269.0,2252.0,17.0,47980,0.00035431429762401,0.35431429762401
Greve,2013,2276.0,2298.0,-22.0,48095,-0.0004574280070693419,-0.45742800706934195
Greve,2014,2826.0,2344.0,482.0,48835,0.009869970308180608,9.869970308180608
Greve,2015,2995.0,2684.0,311.0,49518,0.00628054444848338,6.280544448483379
Greve,2016,2987.0,2852.0,135.0,49921,0.0027042727509464953,2.704272750946495
Greve,2017,3011.0,3121.0,-110.0,49974,-0.0022011445951894987,-2.201144595189499
Greve,2018,2970.0,2800.0,170.0,50267,0.0033819404380607556,3.3819404380607554
Greve,2019,3076.0,2922.0,154.0,50558,0.0030460065667154554,3.046006566715455
Greve,2020,2961.0,3134.0,-173.0,50514,-0.003424793126657956,-3.424793126657956
Greve,2021,3423.0,3277.0,146.0,50818,0.0028729977567003816,2.8729977567003817
Greve,2022,3183.0,2833.0,350.0,51507,0.00679519288640379,6.79519288640379
Greve,2023,3219.0,2724.0,495.0,52157,0.009490576528558007,9.490576528558007
Greve,2024,3696.0,2685.0,1011.0,53536,0.018884488942020324,18.884488942020326
Greve,2025,3547.0,3220.0,327.0,54120,0.006042128603104213,6.042128603104214
Gribskov,1992,2625.0,2458.0,167.0,35906,0.0046510332534952376,4.651033253495237
Gribskov,1993,2648.0,2360.0,288.0,36319,0.007929733748175885,7.929733748175885
Gribskov,1994,2662.0,2625.0,37.0,36838,0.0010043976328790922,1.0043976328790922
Gribskov,1995,2985.0,2643.0,342.0,37072,0.009225291324989211,9.225291324989211
Gribskov,1996,2885.0,2545.0,340.0,37653,0.009029824980745227,9.029824980745227
Gribskov,1997,2988.0,2661.0,327.0,38142,0.008573226364637407,8.573226364637407
Gribskov,1998,2880.0,2519.0,361.0,38652,0.009339749560177999,9.339749560178
Gribskov,1999,2465.0,2538.0,-73.0,39189,-0.001862767613360892,-1.862767613360892
Gribskov,2000,2563.0,2510.0,53.0,39209,0.0013517304700451428,1.3517304700451427
Gribskov,2001,2608.0,2502.0,106.0,39347,0.0026939792106132616,2.6939792106132616
Gribskov,2002,2735.0,2422.0,313.0,39683,0.007887508504901343,7.8875085049013425
Gribskov,2003,2689.0,2562.0,127.0,40124,0.0031651879174558867,3.165187917455887
Gribskov,2004,2812.0,2752.0,60.0,40394,0.0014853691142248848,1.4853691142248848
Gribskov,2005,2808.0,2889.0,-81.0,40409,-0.0020045039471404884,-2.0045039471404884
Gribskov,2006,2366.0,2349.0,17.0,40360,0.00042120911793855305,0.42120911793855303
Gribskov,2007,2160.0,2099.0,61.0,40512,0.0015057266982622434,1.5057266982622433
Gribskov,2008,2080.0,2070.0,10.0,40627,0.0002461417284072169,0.24614172840721688
Gribskov,2009,2108.0,2056.0,52.0,40694,0.001277829655477466,1.277829655477466
Gribskov,2010,2018.0,2098.0,-80.0,40700,-0.0019656019656019656,-1.9656019656019657
Gribskov,2011,2086.0,2173.0,-87.0,40603,-0.002142698815358471,-2.142698815358471
Gribskov,2012,2094.0,2014.0,80.0,40655,0.001967777641126553,1.9677776411265528
Gribskov,2013,2306.0,2203.0,103.0,40778,0.0025258717936142037,2.5258717936142037
Gribskov,2014,2232.0,2280.0,-48.0,40855,-0.001174886794761963,-1.174886794761963
Gribskov,2015,2482.0,2448.0,34.0,41107,0.0008271097380008271,0.8271097380008271
Gribskov,2016,2688.0,2644.0,44.0,41213,0.0010676242933055104,1.0676242933055105
Gribskov,2017,2638.0,2625.0,13.0,41217,0.0003154038382220928,0.31540383822209284
Gribskov,2018,2726.0,2684.0,42.0,41195,0.0010195412064570944,1.0195412064570943
Gribskov,2019,2746.0,2808.0,-62.0,41048,-0.0015104268173845253,-1.5104268173845254
Gribskov,2020,2879.0,2872.0,7.0,40971,0.00017085255424568598,0.170852554245686
Gribskov,2021,3276.0,3100.0,176.0,41147,0.004277347072690597,4.277347072690597
Gribskov,2022,3022.0,2706.0,316.0,41547,0.0076058439839218235,7.605843983921823
Gribskov,2023,2960.0,2523.0,437.0,41920,0.010424618320610687,10.424618320610687
Gribskov,2024,2653.0,2659.0,-6.0,41797,-0.00014355097255783908,-0.14355097255783908
Gribskov,2025,2836.0,2685.0,151.0,41787,0.0036135640270897646,3.6135640270897644
Guldborgsund,1992,4057.0,3976.0,81.0,63489,0.001275811557907669,1.275811557907669
Guldborgsund,1993,4214.0,4150.0,64.0,63441,0.0010088113365173941,1.008811336517394
Guldborgsund,1994,4452.0,4469.0,-17.0,63376,-0.0002682403433476395,-0.26824034334763946
Guldborgsund,1995,4479.0,4546.0,-67.0,63237,-0.001059506301690466,-1.059506301690466
Guldborgsund,1996,4632.0,4501.0,131.0,63357,0.0020676484050696844,2.0676484050696846
Guldborgsund,1997,4595.0,4536.0,59.0,63289,0.0009322315094250186,0.9322315094250186
Guldborgsund,1998,4629.0,4216.0,413.0,63300,0.006524486571879937,6.524486571879937
Guldborgsund,1999,4598.0,4331.0,267.0,63511,0.004203996158145833,4.203996158145833
Guldborgsund,2000,4719.0,4477.0,242.0,63509,0.0038104835535121007,3.8104835535121007
Guldborgsund,2001,4635.0,4232.0,403.0,63555,0.00634096451892062,6.34096451892062
Guldborgsund,2002,4519.0,4186.0,333.0,63814,0.005218290657222553,5.2182906572225525
Guldborgsund,2003,4608.0,4467.0,141.0,63901,0.0022065382388382028,2.2065382388382027
Guldborgsund,2004,4536.0,4477.0,59.0,63771,0.0009251854291135469,0.925185429113547
Guldborgsund,2005,4828.0,4668.0,160.0,63533,0.0025183762768954715,2.5183762768954714
Guldborgsund,2006,2985.0,2627.0,358.0,63451,0.005642149059904494,5.642149059904494
Guldborgsund,2007,2810.0,2644.0,166.0,63496,0.002614337911049515,2.614337911049515
Guldborgsund,2008,2567.0,2660.0,-93.0,63211,-0.001471262913100568,-1.471262913100568
Guldborgsund,2009,2413.0,2488.0,-75.0,62912,-0.0011921414038657172,-1.1921414038657172
Guldborgsund,2010,2427.0,2448.0,-21.0,62583,-0.00033555438377834234,-0.33555438377834235
Guldborgsund,2011,2310.0,2709.0,-399.0,61913,-0.0064445269975610935,-6.444526997561094
Guldborgsund,2012,2292.0,2684.0,-392.0,61322,-0.006392485567985389,-6.392485567985388
Guldborgsund,2013,2444.0,2468.0,-24.0,61007,-0.0003933974789778222,-0.39339747897782223
Guldborgsund,2014,2533.0,2628.0,-95.0,60829,-0.0015617550839237863,-1.5617550839237864
Guldborgsund,2015,2832.0,2690.0,142.0,60979,0.0023286705259187588,2.3286705259187586
Guldborgsund,2016,2817.0,2572.0,245.0,61257,0.003999542909381785,3.9995429093817854
Guldborgsund,2017,2734.0,2549.0,185.0,61219,0.0030219376337411587,3.0219376337411585
Guldborgsund,2018,2669.0,2655.0,14.0,60930,0.00022977186935828,0.22977186935828
Guldborgsund,2019,2767.0,2762.0,5.0,60722,8.234247883798294e-05,0.08234247883798294
Guldborgsund,2020,2877.0,2754.0,123.0,60328,0.002038854263360297,2.0388542633602973
Guldborgsund,2021,2875.0,2724.0,151.0,60310,0.00250373072458962,2.5037307245896203
Guldborgsund,2022,2678.0,2715.0,-37.0,60231,-0.0006143016054855473,-0.6143016054855472
Guldborgsund,2023,2473.0,2590.0,-117.0,59759,-0.001957864087417795,-1.9578640874177948
Guldborgsund,2024,2522.0,2571.0,-49.0,59350,-0.0008256107834877844,-0.8256107834877844
Guldborgsund,2025,2655.0,2557.0,98.0,59119,0.001657673505979465,1.657673505979465
Haderslev,1992,4202.0,4425.0,-223.0,52431,-0.004253208979420572,-4.253208979420572
Haderslev,1993,4272.0,4435.0,-163.0,52629,-0.0030971517604362615,-3.0971517604362617
Haderslev,1994,4533.0,4675.0,-142.0,52702,-0.0026943948996243027,-2.6943948996243026
Haderslev,1995,4789.0,4624.0,165.0,52856,0.0031216891176025427,3.1216891176025428
Haderslev,1996,4593.0,4760.0,-167.0,53306,-0.0031328555884891007,-3.1328555884891007
Haderslev,1997,4532.0,4905.0,-373.0,53499,-0.006972092936316567,-6.9720929363165665
Haderslev,1998,4541.0,5011.0,-470.0,53706,-0.00875134994227833,-8.751349942278331
Haderslev,1999,4410.0,4515.0,-105.0,53608,-0.0019586628861363977,-1.9586628861363977
Haderslev,2000,4170.0,4401.0,-231.0,53588,-0.004310666567141897,-4.310666567141897
Haderslev,2001,4266.0,4605.0,-339.0,53519,-0.00633419906948934,-6.33419906948934
Haderslev,2002,4347.0,4687.0,-340.0,53354,-0.006372530644375304,-6.3725306443753045
Haderslev,2003,4358.0,4535.0,-177.0,53260,-0.0033233195644010514,-3.3233195644010514
Haderslev,2004,4310.0,4520.0,-210.0,53230,-0.003945143715949653,-3.9451437159496527
Haderslev,2005,4383.0,4599.0,-216.0,53225,-0.004058243306716769,-4.0582433067167685
Haderslev,2006,2672.0,2808.0,-136.0,53096,-0.002561398222088293,-2.561398222088293
Haderslev,2007,2540.0,2681.0,-141.0,56414,-0.0024993795866274328,-2.4993795866274326
Haderslev,2008,2328.0,2575.0,-247.0,56508,-0.004371062504424152,-4.371062504424152
Haderslev,2009,2177.0,2409.0,-232.0,56346,-0.00411741738543996,-4.1174173854399605
Haderslev,2010,2204.0,2522.0,-318.0,56117,-0.005666732006343889,-5.666732006343889
Haderslev,2011,2416.0,2526.0,-110.0,56188,-0.001957713390759593,-1.957713390759593
Haderslev,2012,2405.0,2668.0,-263.0,56051,-0.004692155358512783,-4.692155358512783
Haderslev,2013,2434.0,2705.0,-271.0,55906,-0.004847422459127821,-4.847422459127821
Haderslev,2014,2434.0,2677.0,-243.0,55888,-0.004347981677640996,-4.3479816776409965
Haderslev,2015,2516.0,2760.0,-244.0,56029,-0.004354887647468275,-4.354887647468275
Haderslev,2016,2598.0,2771.0,-173.0,56045,-0.003086805245784637,-3.086805245784637
Haderslev,2017,2642.0,2796.0,-154.0,55963,-0.0027518181655736824,-2.7518181655736824
Haderslev,2018,2706.0,2863.0,-157.0,55857,-0.002810748876595592,-2.8107488765955924
Haderslev,2019,2681.0,2873.0,-192.0,55670,-0.003448895275731992,-3.4488952757319917
Haderslev,2020,2800.0,3014.0,-214.0,55376,-0.003864490031782722,-3.8644900317827218
Haderslev,2021,2811.0,3045.0,-234.0,55340,-0.00422840621611854,-4.2284062161185405
Haderslev,2022,2756.0,3124.0,-368.0,55353,-0.006648239481148266,-6.648239481148266
Haderslev,2023,2629.0,2731.0,-102.0,55438,-0.0018398932140409106,-1.8398932140409106
Haderslev,2024,2567.0,2693.0,-126.0,55354,-0.0022762582649853667,-2.276258264985367
Haderslev,2025,2513.0,2642.0,-129.0,55218,-0.0023361947191133325,-2.3361947191133323
Halsnæs,1992,1660.0,1517.0,143.0,27417,0.005215742057847321,5.215742057847321
Halsnæs,1993,1675.0,1533.0,142.0,27682,0.005129687161332274,5.129687161332274
Halsnæs,1994,1703.0,1515.0,188.0,27892,0.006740283952387781,6.740283952387781
Halsnæs,1995,1820.0,1584.0,236.0,28191,0.008371466070731793,8.371466070731794
Halsnæs,1996,1883.0,1610.0,273.0,28494,0.009580964413560749,9.580964413560748
Halsnæs,1997,1869.0,1627.0,242.0,28846,0.008389378076683076,8.389378076683077
Halsnæs,1998,1988.0,1640.0,348.0,29123,0.011949318408131031,11.949318408131031
Halsnæs,1999,1549.0,1558.0,-9.0,29609,-0.00030396163328717617,-0.3039616332871762
Halsnæs,2000,1750.0,1586.0,164.0,29583,0.005543724436331677,5.5437244363316776
Halsnæs,2001,1704.0,1524.0,180.0,29733,0.006053879527797397,6.053879527797397
Halsnæs,2002,1734.0,1661.0,73.0,29945,0.0024378026381699784,2.437802638169978
Halsnæs,2003,1819.0,1775.0,44.0,29984,0.0014674493062966916,1.4674493062966916
Halsnæs,2004,1827.0,1702.0,125.0,30089,0.004154342118382133,4.154342118382133
Halsnæs,2005,2096.0,1841.0,255.0,30253,0.008428916140548045,8.428916140548045
Halsnæs,2006,1769.0,1501.0,268.0,30513,0.008783141611772032,8.783141611772033
Halsnæs,2007,1488.0,1531.0,-43.0,30824,-0.0013950168699714508,-1.3950168699714507
Halsnæs,2008,1465.0,1416.0,49.0,31013,0.0015799825879469899,1.57998258794699
Halsnæs,2009,1444.0,1434.0,10.0,31077,0.0003217813817292531,0.32178138172925314
Halsnæs,2010,1421.0,1423.0,-2.0,31056,-6.439979392065946e-05,-0.06439979392065946
Halsnæs,2011,1416.0,1477.0,-61.0,30980,-0.0019690122659780504,-1.9690122659780505
Halsnæs,2012,1371.0,1506.0,-135.0,30803,-0.004382689997727494,-4.382689997727494
Halsnæs,2013,1459.0,1539.0,-80.0,30647,-0.0026103696936078573,-2.6103696936078573
Halsnæs,2014,1546.0,1498.0,48.0,30736,0.0015616866215512754,1.5616866215512752
Halsnæs,2015,1777.0,1585.0,192.0,31049,0.006183774034590486,6.183774034590487
Halsnæs,2016,1719.0,1626.0,93.0,31162,0.002984404081894615,2.984404081894615
Halsnæs,2017,1810.0,1827.0,-17.0,31168,-0.0005454312114989733,-0.5454312114989732
Halsnæs,2018,1814.0,1742.0,72.0,31271,0.0023024527517508235,2.3024527517508235
Halsnæs,2019,1847.0,1656.0,191.0,31384,0.0060859036451695134,6.085903645169513
Halsnæs,2020,1865.0,1852.0,13.0,31420,0.00041374920432845323,0.41374920432845325
Halsnæs,2021,1958.0,2001.0,-43.0,31344,-0.0013718734047983665,-1.3718734047983665
Halsnæs,2022,1868.0,1814.0,54.0,31466,0.0017161380537723256,1.7161380537723256
Halsnæs,2023,1702.0,1669.0,33.0,31515,0.0010471204188481676,1.0471204188481678
Halsnæs,2024,1740.0,1633.0,107.0,31633,0.003382543546296589,3.382543546296589
Halsnæs,2025,1734.0,1606.0,128.0,31738,0.0040330203541496,4.0330203541496
Hedensted,1992,1572.0,1510.0,62.0,41038,0.0015107948730444954,1.5107948730444953
Hedensted,1993,1487.0,1545.0,-58.0,41271,-0.0014053451576167284,-1.4053451576167284
Hedensted,1994,1759.0,1654.0,105.0,41269,0.002544282633453682,2.544282633453682
Hedensted,1995,1863.0,1806.0,57.0,41545,0.0013720062582741606,1.3720062582741606
Hedensted,1996,1954.0,1695.0,259.0,41987,0.0061685759878057494,6.16857598780575
Hedensted,1997,1913.0,1705.0,208.0,42392,0.004906586148329874,4.906586148329874
Hedensted,1998,1806.0,1629.0,177.0,42747,0.004140641448522703,4.140641448522703
Hedensted,1999,1848.0,1818.0,30.0,43228,0.0006939946331081707,0.6939946331081707
Hedensted,2000,1718.0,1684.0,34.0,43426,0.0007829410951964262,0.7829410951964262
Hedensted,2001,1600.0,1692.0,-92.0,43727,-0.0021039632263818693,-2.1039632263818695
Hedensted,2002,1574.0,1605.0,-31.0,43929,-0.000705684172186938,-0.705684172186938
Hedensted,2003,1839.0,1640.0,199.0,44132,0.004509199673706154,4.509199673706155
Hedensted,2004,1953.0,1789.0,164.0,44496,0.003685724559510967,3.685724559510967
Hedensted,2005,2121.0,1726.0,395.0,44951,0.008787346221441126,8.787346221441126
Hedensted,2006,2761.0,2294.0,467.0,45582,0.010245272256592514,10.245272256592514
Hedensted,2007,2621.0,2376.0,245.0,45561,0.005377406114878953,5.377406114878953
Hedensted,2008,2199.0,2186.0,13.0,45954,0.0002828915872394133,0.2828915872394133
Hedensted,2009,1992.0,2172.0,-180.0,45982,-0.003914575268583359,-3.914575268583359
Hedensted,2010,2018.0,2242.0,-224.0,45980,-0.004871683340582862,-4.871683340582862
Hedensted,2011,2099.0,2227.0,-128.0,46029,-0.002780855547589563,-2.7808555475895633
Hedensted,2012,2164.0,2395.0,-231.0,45868,-0.0050361908084067325,-5.036190808406732
Hedensted,2013,2028.0,2283.0,-255.0,45715,-0.005578037843158701,-5.578037843158701
Hedensted,2014,2276.0,2216.0,60.0,46091,0.0013017725803302163,1.3017725803302163
Hedensted,2015,2269.0,2497.0,-228.0,46206,-0.004934424100766134,-4.934424100766134
Hedensted,2016,2393.0,2428.0,-35.0,46524,-0.0007522998882297309,-0.7522998882297308
Hedensted,2017,2426.0,2541.0,-115.0,46616,-0.0024669641324867,-2.4669641324866998
Hedensted,2018,2512.0,2585.0,-73.0,46747,-0.0015615975356707383,-1.5615975356707383
Hedensted,2019,2591.0,2647.0,-56.0,46722,-0.0011985788279611318,-1.1985788279611318
Hedensted,2020,2870.0,2916.0,-46.0,46773,-0.0009834733713894768,-0.9834733713894768
Hedensted,2021,3050.0,2931.0,119.0,47099,0.002526592921293446,2.526592921293446
Hedensted,2022,2937.0,2802.0,135.0,47609,0.0028355983112436723,2.8355983112436722
Hedensted,2023,2593.0,2482.0,111.0,47725,0.002325825039287585,2.325825039287585
Hedensted,2024,2773.0,2442.0,331.0,48167,0.006871924761766355,6.871924761766355
Hedensted,2025,2754.0,2513.0,241.0,48578,0.004961093499114826,4.961093499114826
Helsingør,1992,2168.0,2437.0,-269.0,56794,-0.004736415818572384,-4.736415818572384
Helsingør,1993,2348.0,2323.0,25.0,56701,0.00044090933140508986,0.44090933140508987
Helsingør,1994,2528.0,2490.0,38.0,56785,0.00066919080743154,0.66919080743154
Helsingør,1995,2779.0,2357.0,422.0,56855,0.007422390291091372,7.422390291091372
Helsingør,1996,2860.0,2387.0,473.0,57421,0.008237404433917905,8.237404433917906
Helsingør,1997,2891.0,2572.0,319.0,58102,0.005490344566452102,5.490344566452102
Helsingør,1998,2740.0,2465.0,275.0,58645,0.004689231818569358,4.6892318185693584
Helsingør,1999,2814.0,2428.0,386.0,59092,0.006532187098084343,6.532187098084343
Helsingør,2000,2821.0,2330.0,491.0,59492,0.00825321051569959,8.253210515699589
Helsingør,2001,2699.0,2350.0,349.0,60131,0.005803994611764314,5.803994611764314
Helsingør,2002,2567.0,2539.0,28.0,60546,0.00046245829617150595,0.46245829617150597
Helsingør,2003,2733.0,2491.0,242.0,60569,0.0039954432135250705,3.9954432135250704
Helsingør,2004,2828.0,2498.0,330.0,60927,0.005416317888620808,5.416317888620808
Helsingør,2005,2699.0,2606.0,93.0,61295,0.0015172526307202872,1.5172526307202872
Helsingør,2006,2340.0,2651.0,-311.0,61340,-0.005070101075970003,-5.070101075970003
Helsingør,2007,2120.0,2270.0,-150.0,60844,-0.002465321149168365,-2.465321149168365
Helsingør,2008,2338.0,2226.0,112.0,61053,0.0018344716885329141,1.8344716885329142
Helsingør,2009,2500.0,2390.0,110.0,61143,0.0017990612171466889,1.7990612171466889
Helsingør,2010,2445.0,2268.0,177.0,61368,0.0028842393429800548,2.8842393429800546
Helsingør,2011,2373.0,2334.0,39.0,61493,0.0006342185289382531,0.6342185289382531
Helsingør,2012,2478.0,2444.0,34.0,61613,0.0005518315939817896,0.5518315939817896
Helsingør,2013,2621.0,2645.0,-24.0,61519,-0.0003901233765178238,-0.3901233765178238
Helsingør,2014,2680.0,2606.0,74.0,61632,0.00120067497403946,1.20067497403946
Helsingør,2015,3032.0,2798.0,234.0,62092,0.003768601430135927,3.768601430135927
Helsingør,2016,3076.0,2926.0,150.0,62443,0.002402190798007783,2.402190798007783
Helsingør,2017,3154.0,3035.0,119.0,62686,0.0018983505088855566,1.8983505088855566
Helsingør,2018,2982.0,2937.0,45.0,62567,0.0007192289865264437,0.7192289865264437
Helsingør,2019,3149.0,3050.0,99.0,62695,0.001579073291331047,1.579073291331047
Helsingør,2020,3504.0,3130.0,374.0,63000,0.005936507936507937,5.936507936507937
Helsingør,2021,3409.0,3417.0,-8.0,62875,-0.0001272365805168986,-0.1272365805168986
Helsingør,2022,3223.0,2807.0,416.0,63399,0.006561617691130775,6.561617691130775
Helsingør,2023,3357.0,2802.0,555.0,63838,0.008693881387261506,8.693881387261506
Helsingør,2024,3129.0,2941.0,188.0,63953,0.0029396588119400186,2.9396588119400184
Helsingør,2025,3228.0,2963.0,265.0,64244,0.0041248988232364114,4.124898823236411
Herlev,1992,1779.0,1793.0,-14.0,26875,-0.0005209302325581395,-0.5209302325581395
Herlev,1993,1798.0,1700.0,98.0,26980,0.0036323202372127504,3.6323202372127503
Herlev,1994,1715.0,1706.0,9.0,27117,0.00033189512114171923,0.3318951211417192
Herlev,1995,1784.0,1801.0,-17.0,27162,-0.0006258743833296518,-0.6258743833296517
Herlev,1996,1682.0,1729.0,-47.0,27212,-0.0017271791856533882,-1.7271791856533882
Herlev,1997,1647.0,1716.0,-69.0,27285,-0.0025288620120945573,-2.5288620120945575
Herlev,1998,1629.0,1667.0,-38.0,27269,-0.001393523781583483,-1.3935237815834831
Herlev,1999,1670.0,1742.0,-72.0,27350,-0.0026325411334552104,-2.6325411334552102
Herlev,2000,1704.0,1639.0,65.0,27365,0.0023752969121140144,2.375296912114014
Herlev,2001,1737.0,1737.0,0.0,27457,0.0,0.0
Herlev,2002,1483.0,1626.0,-143.0,27498,-0.005200378209324314,-5.200378209324314
Herlev,2003,1653.0,1669.0,-16.0,27318,-0.0005856944139395271,-0.585694413939527
Herlev,2004,1732.0,1785.0,-53.0,27272,-0.0019433851569375183,-1.9433851569375182
Herlev,2005,1715.0,1779.0,-64.0,27166,-0.0023558860340131046,-2.3558860340131047
Herlev,2006,1424.0,1650.0,-226.0,27023,-0.008363246123672428,-8.363246123672427
Herlev,2007,1519.0,1513.0,6.0,26567,0.0002258440922949524,0.2258440922949524
Herlev,2008,1597.0,1500.0,97.0,26635,0.0036418246667918154,3.6418246667918153
Herlev,2009,1620.0,1644.0,-24.0,26556,-0.0009037505648441031,-0.9037505648441031
Herlev,2010,1589.0,1485.0,104.0,26597,0.003910215437831334,3.9102154378313343
Herlev,2011,1508.0,1475.0,33.0,26608,0.0012402285027059532,1.2402285027059532
Herlev,2012,1926.0,1585.0,341.0,26958,0.012649306328362638,12.649306328362638
Herlev,2013,2187.0,1488.0,699.0,27706,0.02522919223272937,25.22919223272937
Herlev,2014,1968.0,1698.0,270.0,28148,0.009592155748188148,9.592155748188148
Herlev,2015,2002.0,1794.0,208.0,28423,0.007318017098828414,7.318017098828414
Herlev,2016,1783.0,1839.0,-56.0,28406,-0.001971414489896501,-1.971414489896501
Herlev,2017,1941.0,1860.0,81.0,28572,0.0028349433011339775,2.8349433011339773
Herlev,2018,2127.0,1899.0,228.0,28786,0.007920516917946223,7.920516917946223
Herlev,2019,2003.0,1844.0,159.0,28953,0.005491658895451249,5.491658895451248
Herlev,2020,2141.0,2169.0,-28.0,28913,-0.0009684225089060285,-0.9684225089060284
Herlev,2021,2060.0,2226.0,-166.0,28867,-0.005750510964076627,-5.750510964076627
Herlev,2022,2076.0,1982.0,94.0,29215,0.003217525243881568,3.217525243881568
Herlev,2023,2370.0,1905.0,465.0,29876,0.015564332574641853,15.564332574641853
Herlev,2024,2489.0,1811.0,678.0,30784,0.022024428274428274,22.024428274428274
Herlev,2025,2978.0,2256.0,722.0,32030,0.02254136746799875,22.54136746799875
Herning,1992,4011.0,4356.0,-345.0,80152,-0.004304321788601657,-4.304321788601657
Herning,1993,3990.0,4235.0,-245.0,80291,-0.0030514005305700516,-3.0514005305700516
Herning,1994,4260.0,4386.0,-126.0,80407,-0.0015670277463404928,-1.5670277463404927
Herning,1995,4170.0,4630.0,-460.0,80705,-0.005699770770088594,-5.699770770088595
Herning,1996,4253.0,4772.0,-519.0,81090,-0.006400295967443581,-6.400295967443581
Herning,1997,4129.0,4442.0,-313.0,80940,-0.003867062021250309,-3.867062021250309
Herning,1998,4144.0,4599.0,-455.0,81147,-0.005607108087791292,-5.607108087791292
Herning,1999,4266.0,4429.0,-163.0,81175,-0.0020080073914382508,-2.008007391438251
Herning,2000,4185.0,4378.0,-193.0,81427,-0.0023702211797069768,-2.3702211797069768
Herning,2001,4203.0,4302.0,-99.0,81703,-0.0012117058125160642,-1.2117058125160642
Herning,2002,4094.0,4242.0,-148.0,82172,-0.0018011001314316311,-1.801100131431631
Herning,2003,4300.0,4424.0,-124.0,82480,-0.0015033947623666344,-1.5033947623666344
Herning,2004,4312.0,4380.0,-68.0,82760,-0.0008216529724504591,-0.8216529724504591
Herning,2005,4375.0,4461.0,-86.0,82935,-0.001036956652800386,-1.036956652800386
Herning,2006,3746.0,3962.0,-216.0,83330,-0.002592103684147366,-2.592103684147366
Herning,2007,3659.0,3720.0,-61.0,84208,-0.0007243967319019571,-0.7243967319019571
Herning,2008,3736.0,3643.0,93.0,85217,0.0010913315418285083,1.0913315418285083
Herning,2009,3330.0,3538.0,-208.0,85548,-0.0024313835507551317,-2.4313835507551316
Herning,2010,3438.0,3722.0,-284.0,85852,-0.0033080184503564273,-3.3080184503564274
Herning,2011,3691.0,3789.0,-98.0,86348,-0.0011349423264001483,-1.1349423264001484
Herning,2012,3761.0,3989.0,-228.0,86595,-0.0026329464749696866,-2.6329464749696867
Herning,2013,3721.0,3966.0,-245.0,86842,-0.0028212155408673225,-2.8212155408673225
Herning,2014,3569.0,3967.0,-398.0,86864,-0.0045818751151224905,-4.58187511512249
Herning,2015,3960.0,3944.0,16.0,87593,0.00018266299818478645,0.18266299818478646
Herning,2016,4106.0,4073.0,33.0,88386,0.00037336229719638856,0.3733622971963886
Herning,2017,4057.0,4283.0,-226.0,88733,-0.0025469667429254056,-2.5469667429254055
Herning,2018,4010.0,4254.0,-244.0,88917,-0.002744132168201806,-2.744132168201806
Herning,2019,4323.0,4274.0,49.0,89127,0.0005497772841002165,0.5497772841002165
Herning,2020,4221.0,4322.0,-101.0,89238,-0.001131804836504628,-1.131804836504628
Herning,2021,4269.0,4521.0,-252.0,89230,-0.002824162277261011,-2.824162277261011
Herning,2022,4342.0,4331.0,11.0,89952,0.00012228744219139096,0.12228744219139095
Herning,2023,3798.0,4177.0,-379.0,89848,-0.004218235241741608,-4.218235241741608
Herning,2024,3737.0,3987.0,-250.0,90006,-0.002777592604937449,-2.777592604937449
Herning,2025,3937.0,3796.0,141.0,90546,0.0015572195348220793,1.5572195348220792
Hillerød,1992,3462.0,3020.0,442.0,38879,0.011368605159597726,11.368605159597726
Hillerød,1993,3256.0,3230.0,26.0,39468,0.0006587615283267457,0.6587615283267457
Hillerød,1994,3343.0,3436.0,-93.0,39804,-0.002336448598130841,-2.336448598130841
Hillerød,1995,3586.0,3295.0,291.0,39940,0.00728592889334001,7.28592889334001
Hillerød,1996,3294.0,3482.0,-188.0,40421,-0.004651047722718389,-4.651047722718388
Hillerød,1997,3233.0,3220.0,13.0,40483,0.0003211224464590075,0.3211224464590075
Hillerød,1998,3331.0,3088.0,243.0,40912,0.005939577630035197,5.939577630035197
Hillerød,1999,3544.0,3205.0,339.0,41405,0.00818741697862577,8.18741697862577
Hillerød,2000,3695.0,3151.0,544.0,41855,0.012997252419065823,12.997252419065823
Hillerød,2001,3489.0,3214.0,275.0,42418,0.006483096798528926,6.483096798528926
Hillerød,2002,3493.0,3330.0,163.0,42761,0.0038118846612567527,3.8118846612567525
Hillerød,2003,3486.0,3483.0,3.0,42861,6.999370056694898e-05,0.06999370056694898
Hillerød,2004,3694.0,3490.0,204.0,43066,0.004736915432127432,4.736915432127432
Hillerød,2005,4448.0,3658.0,790.0,43337,0.018229226757735886,18.229226757735887
Hillerød,2006,3146.0,2700.0,446.0,44327,0.010061587745617795,10.061587745617794
Hillerød,2007,2598.0,2693.0,-95.0,46568,-0.0020400274866861365,-2.0400274866861365
Hillerød,2008,2620.0,2459.0,161.0,47081,0.003419638495359062,3.419638495359062
Hillerød,2009,2677.0,2452.0,225.0,47473,0.00473953615739473,4.73953615739473
Hillerød,2010,2769.0,2514.0,255.0,47916,0.005321813173052843,5.321813173052843
Hillerød,2011,2856.0,2714.0,142.0,48203,0.002945874738086841,2.945874738086841
Hillerød,2012,2650.0,2710.0,-60.0,48315,-0.0012418503570319776,-1.2418503570319777
Hillerød,2013,2931.0,2787.0,144.0,48695,0.0029571824622651195,2.9571824622651195
Hillerød,2014,3053.0,2888.0,165.0,49108,0.0033599413537509165,3.3599413537509166
Hillerød,2015,3399.0,3238.0,161.0,49672,0.0032412626832018037,3.241262683201804
Hillerød,2016,3405.0,3389.0,16.0,50109,0.00031930391745993734,0.31930391745993736
Hillerød,2017,3705.0,3392.0,313.0,50650,0.006179664363277394,6.179664363277394
Hillerød,2018,3772.0,3549.0,223.0,50998,0.004372720498843092,4.372720498843092
Hillerød,2019,3634.0,3351.0,283.0,51183,0.005529179610417522,5.529179610417522
Hillerød,2020,3917.0,3667.0,250.0,51528,0.004851731097655644,4.851731097655644
Hillerød,2021,5256.0,3881.0,1375.0,53257,0.0258182023020448,25.8182023020448
Hillerød,2022,3994.0,3731.0,263.0,54159,0.0048560719363356045,4.856071936335605
Hillerød,2023,3838.0,3799.0,39.0,54422,0.000716621954356694,0.716621954356694
Hillerød,2024,3643.0,3573.0,70.0,54855,0.001276091513991432,1.276091513991432
Hillerød,2025,3834.0,3713.0,121.0,55182,0.0021927440107281358,2.192744010728136
Hjørring,1992,3131.0,3325.0,-194.0,67572,-0.002871011661634997,-2.8710116616349968
Hjørring,1993,3195.0,3365.0,-170.0,67749,-0.002509262129330322,-2.509262129330322
Hjørring,1994,3522.0,3626.0,-104.0,67847,-0.001532860701283771,-1.532860701283771
Hjørring,1995,3473.0,3555.0,-82.0,68066,-0.001204713072606,-1.204713072606
Hjørring,1996,3523.0,3576.0,-53.0,68303,-0.000775954204061315,-0.775954204061315
Hjørring,1997,3480.0,3483.0,-3.0,68459,-4.3821849574197694e-05,-0.04382184957419769
Hjørring,1998,3505.0,3621.0,-116.0,68649,-0.0016897551311745255,-1.6897551311745256
Hjørring,1999,3374.0,3662.0,-288.0,68643,-0.004195620820768323,-4.1956208207683225
Hjørring,2000,3311.0,3541.0,-230.0,68479,-0.003358693906161013,-3.3586939061610126
Hjørring,2001,3375.0,3540.0,-165.0,68369,-0.0024133744825871376,-2.4133744825871375
Hjørring,2002,3272.0,3628.0,-356.0,68325,-0.005210391511159897,-5.210391511159897
Hjørring,2003,3347.0,3550.0,-203.0,68022,-0.002984328599570727,-2.984328599570727
Hjørring,2004,3505.0,3668.0,-163.0,67898,-0.0024006598132492855,-2.4006598132492853
Hjørring,2005,3436.0,3876.0,-440.0,67816,-0.006488144390704258,-6.488144390704258
Hjørring,2006,2018.0,2455.0,-437.0,67480,-0.006475992886781269,-6.475992886781269
Hjørring,2007,2101.0,2233.0,-132.0,67121,-0.001966597637103142,-1.966597637103142
Hjørring,2008,1892.0,2076.0,-184.0,67102,-0.00274209412536139,-2.74209412536139
Hjørring,2009,1737.0,2133.0,-396.0,66803,-0.005927877490531862,-5.927877490531863
Hjørring,2010,1804.0,2168.0,-364.0,66473,-0.005475907511320386,-5.4759075113203854
Hjørring,2011,1872.0,2207.0,-335.0,66178,-0.0050621052313457645,-5.062105231345765
Hjørring,2012,1833.0,2270.0,-437.0,65767,-0.006644669819210242,-6.644669819210242
Hjørring,2013,1862.0,2319.0,-457.0,65405,-0.006987233391942512,-6.987233391942512
Hjørring,2014,2007.0,2322.0,-315.0,65295,-0.004824259131633356,-4.824259131633356
Hjørring,2015,2113.0,2441.0,-328.0,65411,-0.005014447111342129,-5.014447111342129
Hjørring,2016,2137.0,2395.0,-258.0,65307,-0.003950571914189903,-3.9505719141899034
Hjørring,2017,2138.0,2480.0,-342.0,65257,-0.0052408170770951775,-5.240817077095177
Hjørring,2018,2036.0,2452.0,-416.0,64665,-0.006433155493698291,-6.433155493698291
Hjørring,2019,2210.0,2386.0,-176.0,64483,-0.0027294015476947413,-2.7294015476947413
Hjørring,2020,2280.0,2563.0,-283.0,64155,-0.004411191645234199,-4.411191645234199
Hjørring,2021,2410.0,2703.0,-293.0,63839,-0.004589670890834756,-4.589670890834756
Hjørring,2022,2274.0,2397.0,-123.0,63998,-0.0019219350604706396,-1.9219350604706396
Hjørring,2023,2067.0,2326.0,-259.0,63544,-0.004075915900793151,-4.075915900793151
Hjørring,2024,2040.0,2214.0,-174.0,63311,-0.00274833757167001,-2.74833757167001
Hjørring,2025,2029.0,2282.0,-253.0,62979,-0.004017212086568539,-4.017212086568539
Holbæk,1992,3912.0,3919.0,-7.0,61203,-0.00011437347842426025,-0.11437347842426025
Holbæk,1993,3811.0,3819.0,-8.0,61480,-0.00013012361743656474,-0.13012361743656475
Holbæk,1994,4039.0,3991.0,48.0,61746,0.0007773782917112039,0.7773782917112039
Holbæk,1995,4394.0,4100.0,294.0,62020,0.004740406320541761,4.74040632054176
Holbæk,1996,4198.0,4473.0,-275.0,62652,-0.004389325161207942,-4.3893251612079425
Holbæk,1997,4544.0,4288.0,256.0,62737,0.004080526642969858,4.080526642969858
Holbæk,1998,4425.0,4328.0,97.0,63162,0.0015357335106551408,1.5357335106551409
Holbæk,1999,4517.0,4299.0,218.0,63544,0.003430693692559486,3.430693692559486
Holbæk,2000,4452.0,4249.0,203.0,63971,0.0031733129074111707,3.173312907411171
Holbæk,2001,4614.0,4161.0,453.0,64258,0.007049705873198668,7.0497058731986675
Holbæk,2002,4647.0,4248.0,399.0,64925,0.0061455525606469,6.1455525606469
Holbæk,2003,4726.0,4215.0,511.0,65499,0.007801645826653842,7.801645826653842
Holbæk,2004,5079.0,4657.0,422.0,66036,0.0063904536919256166,6.390453691925616
Holbæk,2005,5638.0,4827.0,811.0,66611,0.012175166263830299,12.175166263830299
Holbæk,2006,4180.0,3510.0,670.0,67621,0.009908164623415802,9.908164623415802
Holbæk,2007,3829.0,3549.0,280.0,69010,0.004057382987972757,4.057382987972757
Holbæk,2008,3581.0,3308.0,273.0,69528,0.003926475664480497,3.9264756644804972
Holbæk,2009,3177.0,3313.0,-136.0,69550,-0.001955427749820273,-1.9554277498202732
Holbæk,2010,3249.0,3400.0,-151.0,69521,-0.0021720055810474535,-2.1720055810474537
Holbæk,2011,3301.0,3489.0,-188.0,69415,-0.002708348339696031,-2.708348339696031
Holbæk,2012,3216.0,3466.0,-250.0,69263,-0.003609430720586749,-3.609430720586749
Holbæk,2013,3129.0,3527.0,-398.0,69016,-0.00576677871797844,-5.76677871797844
Holbæk,2014,3262.0,3423.0,-161.0,69035,-0.0023321503585137975,-2.3321503585137977
Holbæk,2015,3946.0,3436.0,510.0,69972,0.007288629737609329,7.288629737609329
Holbæk,2016,4083.0,3463.0,620.0,70950,0.008738548273431995,8.738548273431995
Holbæk,2017,3916.0,3912.0,4.0,70983,5.635152078666723e-05,0.056351520786667234
Holbæk,2018,3927.0,3720.0,207.0,71297,0.0029033479669551315,2.9033479669551316
Holbæk,2019,4128.0,3824.0,304.0,71541,0.004249311583567465,4.249311583567465
Holbæk,2020,4438.0,4044.0,394.0,71913,0.005478842490231252,5.478842490231251
Holbæk,2021,4933.0,4173.0,760.0,72810,0.010438126630957285,10.438126630957285
Holbæk,2022,4386.0,4013.0,373.0,73440,0.005078976034858388,5.078976034858388
Holbæk,2023,4225.0,3596.0,629.0,74129,0.008485208218106274,8.485208218106274
Holbæk,2024,4093.0,3733.0,360.0,74490,0.004832863471606927,4.8328634716069265
Holbæk,2025,4265.0,3728.0,537.0,75009,0.007159140903091629,7.159140903091629
Holstebro,1992,2797.0,2864.0,-67.0,53915,-0.001242696837614764,-1.242696837614764
Holstebro,1993,2894.0,2911.0,-17.0,54082,-0.0003143374875189527,-0.3143374875189527
Holstebro,1994,2908.0,3007.0,-99.0,54264,-0.0018244139761167625,-1.8244139761167626
Holstebro,1995,3110.0,3074.0,36.0,54470,0.0006609142647328804,0.6609142647328804
Holstebro,1996,3200.0,3291.0,-91.0,54853,-0.001658979454177529,-1.6589794541775291
Holstebro,1997,3206.0,3222.0,-16.0,55044,-0.0002906765496693554,-0.2906765496693554
Holstebro,1998,3246.0,3177.0,69.0,55369,0.0012461846881829182,1.2461846881829182
Holstebro,1999,3109.0,3325.0,-216.0,55804,-0.0038706902730987025,-3.8706902730987025
Holstebro,2000,3165.0,3132.0,33.0,55759,0.0005918327086210298,0.5918327086210299
Holstebro,2001,3179.0,3245.0,-66.0,56007,-0.0011784241255557342,-1.1784241255557342
Holstebro,2002,3129.0,3197.0,-68.0,56206,-0.0012098352489058107,-1.2098352489058106
Holstebro,2003,3061.0,3334.0,-273.0,56311,-0.004848075864395944,-4.848075864395944
Holstebro,2004,3040.0,3146.0,-106.0,56145,-0.001887968652595957,-1.887968652595957
Holstebro,2005,3218.0,3174.0,44.0,56204,0.0007828624297203046,0.7828624297203046
Holstebro,2006,2754.0,2820.0,-66.0,56462,-0.0011689277744323615,-1.1689277744323614
Holstebro,2007,2800.0,2712.0,88.0,57020,0.0015433181339880744,1.5433181339880744
Holstebro,2008,2617.0,2757.0,-140.0,57267,-0.002444688913335778,-2.444688913335778
Holstebro,2009,2301.0,2778.0,-477.0,57056,-0.008360207515423443,-8.360207515423443
Holstebro,2010,2330.0,2544.0,-214.0,57161,-0.0037438113398995817,-3.743811339899582
Holstebro,2011,2345.0,2674.0,-329.0,57153,-0.005756478225115042,-5.756478225115042
Holstebro,2012,2618.0,2692.0,-74.0,57254,-0.0012924861145072832,-1.2924861145072832
Holstebro,2013,2614.0,2758.0,-144.0,57338,-0.0025114234887857966,-2.5114234887857965
Holstebro,2014,2444.0,2690.0,-246.0,57494,-0.004278707343374961,-4.278707343374961
Holstebro,2015,2534.0,2765.0,-231.0,57661,-0.004006174017099946,-4.006174017099946
Holstebro,2016,2647.0,2677.0,-30.0,58125,-0.0005161290322580645,-0.5161290322580645
Holstebro,2017,2629.0,2695.0,-66.0,58418,-0.0011297887637372042,-1.1297887637372042
Holstebro,2018,2518.0,2692.0,-174.0,58504,-0.002974155613291399,-2.974155613291399
Holstebro,2019,2798.0,2879.0,-81.0,58591,-0.0013824648836852076,-1.3824648836852076
Holstebro,2020,2786.0,2827.0,-41.0,58662,-0.0006989192322116532,-0.6989192322116532
Holstebro,2021,2807.0,3010.0,-203.0,58553,-0.0034669444776527247,-3.4669444776527247
Holstebro,2022,2723.0,2724.0,-1.0,58978,-1.695547492285259e-05,-0.01695547492285259
Holstebro,2023,2547.0,2625.0,-78.0,59016,-0.0013216754778365189,-1.321675477836519
Holstebro,2024,2551.0,2520.0,31.0,59201,0.0005236398033816996,0.5236398033816996
Holstebro,2025,2461.0,2564.0,-103.0,59324,-0.0017362281707234846,-1.7362281707234846
Horsens,1992,3537.0,3722.0,-185.0,64733,-0.0028578931920349745,-2.8578931920349744
Horsens,1993,3544.0,3707.0,-163.0,64715,-0.0025187359962914315,-2.5187359962914315
Horsens,1994,3663.0,4079.0,-416.0,64810,-0.006418762536645579,-6.41876253664558
Horsens,1995,3921.0,3950.0,-29.0,64788,-0.0004476137556337593,-0.4476137556337593
Horsens,1996,4029.0,3947.0,82.0,65387,0.001254071910318565,1.254071910318565
Horsens,1997,3904.0,3962.0,-58.0,65841,-0.0008809100712322109,-0.8809100712322109
Horsens,1998,3870.0,4009.0,-139.0,66115,-0.002102397337971716,-2.102397337971716
Horsens,1999,3946.0,3772.0,174.0,66306,0.002624196905257443,2.6241969052574428
Horsens,2000,3861.0,3872.0,-11.0,66593,-0.00016518252669199464,-0.16518252669199465
Horsens,2001,3944.0,3869.0,75.0,66630,0.0011256190904997748,1.1256190904997747
Horsens,2002,4086.0,3783.0,303.0,67010,0.00452171317713774,4.52171317713774
Horsens,2003,4153.0,3890.0,263.0,67582,0.003891568760912669,3.891568760912669
Horsens,2004,4616.0,4220.0,396.0,68114,0.0058137827759344625,5.813782775934462
Horsens,2005,4817.0,4073.0,744.0,68775,0.010817884405670665,10.817884405670664
Horsens,2006,4061.0,3491.0,570.0,69889,0.008155789895405571,8.15578989540557
Horsens,2007,3911.0,3662.0,249.0,80102,0.003108536615814836,3.108536615814836
Horsens,2008,3700.0,3194.0,506.0,81565,0.006203641267700607,6.203641267700607
Horsens,2009,3310.0,3302.0,8.0,81957,9.761216247544443e-05,0.09761216247544444
Horsens,2010,3422.0,3123.0,299.0,82835,0.003609585320214885,3.6095853202148853
Horsens,2011,3470.0,3303.0,167.0,83598,0.001997655446302543,1.997655446302543
Horsens,2012,3775.0,3264.0,511.0,84871,0.0060209023105654465,6.020902310565447
Horsens,2013,3680.0,3440.0,240.0,85662,0.0028017090425159347,2.8017090425159346
Horsens,2014,3548.0,3441.0,107.0,86361,0.0012389851900742232,1.2389851900742233
Horsens,2015,4073.0,3767.0,306.0,87736,0.0034877359350779613,3.487735935077961
Horsens,2016,4127.0,3849.0,278.0,89030,0.0031225429630461644,3.1225429630461643
Horsens,2017,3995.0,3950.0,45.0,89598,0.0005022433536462867,0.5022433536462867
Horsens,2018,4412.0,4139.0,273.0,90370,0.003020914020139427,3.020914020139427
Horsens,2019,4477.0,3992.0,485.0,90966,0.005331662379350527,5.331662379350527
Horsens,2020,4917.0,4156.0,761.0,92229,0.008251200815361763,8.251200815361763
Horsens,2021,5609.0,4517.0,1092.0,94443,0.011562529779867221,11.562529779867221
Horsens,2022,5091.0,4304.0,787.0,96480,0.008157131011608624,8.157131011608623
Horsens,2023,4631.0,4139.0,492.0,97392,0.005051749630359783,5.051749630359783
Horsens,2024,4334.0,4056.0,278.0,97921,0.0028390232942882526,2.8390232942882525
Horsens,2025,4409.0,4183.0,226.0,98806,0.0022873104872173752,2.287310487217375
Hvidovre,1992,3346.0,3545.0,-199.0,48754,-0.004081716371989991,-4.081716371989991
Hvidovre,1993,3421.0,3633.0,-212.0,48735,-0.004350056427618754,-4.350056427618754
Hvidovre,1994,3516.0,3607.0,-91.0,48623,-0.0018715422742323592,-1.871542274232359
Hvidovre,1995,3433.0,3556.0,-123.0,48675,-0.0025269645608628657,-2.526964560862866
Hvidovre,1996,3559.0,3352.0,207.0,48730,0.004247896572953006,4.247896572953007
Hvidovre,1997,3176.0,3425.0,-249.0,49087,-0.00507262615356408,-5.07262615356408
Hvidovre,1998,3240.0,3155.0,85.0,48958,0.0017361820335798032,1.7361820335798033
Hvidovre,1999,3010.0,3001.0,9.0,49171,0.00018303471558438918,0.1830347155843892
Hvidovre,2000,3226.0,3090.0,136.0,49270,0.0027603003856302008,2.7603003856302006
Hvidovre,2001,3393.0,3190.0,203.0,49454,0.004104824685566385,4.104824685566385
Hvidovre,2002,3291.0,3090.0,201.0,49674,0.004046382413334944,4.0463824133349435
Hvidovre,2003,3399.0,3301.0,98.0,49829,0.001966726203616368,1.966726203616368
Hvidovre,2004,3745.0,3700.0,45.0,49952,0.0009008648302370276,0.9008648302370276
Hvidovre,2005,3546.0,3677.0,-131.0,49863,-0.0026271985239556383,-2.6271985239556384
Hvidovre,2006,3136.0,3533.0,-397.0,49762,-0.007977975161770024,-7.977975161770025
Hvidovre,2007,3136.0,3316.0,-180.0,49380,-0.0036452004860267314,-3.6452004860267313
Hvidovre,2008,3153.0,3209.0,-56.0,49366,-0.0011343839889802697,-1.1343839889802698
Hvidovre,2009,3381.0,3150.0,231.0,49724,0.004645643954629555,4.645643954629555
Hvidovre,2010,3458.0,3330.0,128.0,50081,0.002555859507597692,2.5558595075976918
Hvidovre,2011,3641.0,3233.0,408.0,50600,0.008063241106719368,8.063241106719369
Hvidovre,2012,3814.0,3289.0,525.0,51341,0.010225745505541381,10.225745505541381
Hvidovre,2013,3718.0,3526.0,192.0,51842,0.0037035608194128313,3.7035608194128313
Hvidovre,2014,4040.0,3873.0,167.0,52380,0.0031882397861779303,3.18823978617793
Hvidovre,2015,4064.0,4079.0,-15.0,52831,-0.00028392421116389997,-0.2839242111639
Hvidovre,2016,3872.0,4074.0,-202.0,52964,-0.0038139113360018124,-3.8139113360018126
Hvidovre,2017,3927.0,3979.0,-52.0,53282,-0.0009759393416163057,-0.9759393416163057
Hvidovre,2018,3785.0,3967.0,-182.0,53416,-0.003407218810843193,-3.407218810843193
Hvidovre,2019,3837.0,3852.0,-15.0,53527,-0.00028023240607543857,-0.2802324060754386
Hvidovre,2020,3988.0,4246.0,-258.0,53451,-0.0048268507605096255,-4.826850760509625
Hvidovre,2021,3887.0,4373.0,-486.0,53267,-0.009123847785683445,-9.123847785683445
Hvidovre,2022,3418.0,3767.0,-349.0,53443,-0.006530322025335404,-6.530322025335404
Hvidovre,2023,3831.0,3832.0,-1.0,53760,-1.8601190476190478e-05,-0.01860119047619048
Hvidovre,2024,3574.0,3817.0,-243.0,53760,-0.004520089285714286,-4.5200892857142865
Hvidovre,2025,3788.0,3690.0,98.0,54228,0.0018071844803422587,1.8071844803422588
Høje-Taastrup,1992,2877.0,3085.0,-208.0,44746,-0.004648460197559558,-4.648460197559558
Høje-Taastrup,1993,2979.0,3042.0,-63.0,44975,-0.0014007782101167316,-1.4007782101167316
Høje-Taastrup,1994,2672.0,3056.0,-384.0,45307,-0.008475511510362637,-8.475511510362637
Høje-Taastrup,1995,2737.0,3085.0,-348.0,45325,-0.007677881963596249,-7.677881963596249
Høje-Taastrup,1996,2594.0,2948.0,-354.0,45341,-0.007807503142850842,-7.807503142850842
Høje-Taastrup,1997,2661.0,2976.0,-315.0,45424,-0.006934660091581543,-6.934660091581543
Høje-Taastrup,1998,2939.0,2782.0,157.0,45522,0.003448881859320768,3.4488818593207684
Høje-Taastrup,1999,2721.0,2995.0,-274.0,45910,-0.005968198649531692,-5.9681986495316925
Høje-Taastrup,2000,2585.0,2931.0,-346.0,45948,-0.0075302515887525024,-7.530251588752503
Høje-Taastrup,2001,2706.0,2910.0,-204.0,45892,-0.0044452192103198816,-4.445219210319881
Høje-Taastrup,2002,2566.0,2906.0,-340.0,45947,-0.00739983023918863,-7.39983023918863
Høje-Taastrup,2003,2558.0,2902.0,-344.0,45754,-0.007518468330637759,-7.518468330637758
Høje-Taastrup,2004,2949.0,3095.0,-146.0,45556,-0.003204846781982615,-3.204846781982615
Høje-Taastrup,2005,3457.0,3079.0,378.0,45553,0.008298026474655896,8.298026474655897
Høje-Taastrup,2006,3330.0,3115.0,215.0,46257,0.004647945175865274,4.647945175865274
Høje-Taastrup,2007,2922.0,2798.0,124.0,47158,0.0026294584163874635,2.6294584163874632
Høje-Taastrup,2008,2716.0,3001.0,-285.0,47400,-0.006012658227848101,-6.012658227848101
Høje-Taastrup,2009,2708.0,2764.0,-56.0,47664,-0.0011748909029875797,-1.1748909029875798
Høje-Taastrup,2010,2687.0,2879.0,-192.0,47753,-0.004020689799593743,-4.020689799593743
Høje-Taastrup,2011,2867.0,2932.0,-65.0,48081,-0.0013518853601214617,-1.3518853601214618
Høje-Taastrup,2012,2948.0,2950.0,-2.0,48471,-4.126178539745415e-05,-0.04126178539745415
Høje-Taastrup,2013,2976.0,3116.0,-140.0,48807,-0.0028684410023152415,-2.8684410023152416
Høje-Taastrup,2014,2922.0,3122.0,-200.0,49230,-0.004062563477554337,-4.062563477554337
Høje-Taastrup,2015,3577.0,3513.0,64.0,49960,0.0012810248198558848,1.2810248198558847
Høje-Taastrup,2016,3415.0,3677.0,-262.0,50246,-0.005214345420530987,-5.214345420530988
Høje-Taastrup,2017,3745.0,4026.0,-281.0,50596,-0.005553798719266345,-5.553798719266345
Høje-Taastrup,2018,3550.0,3918.0,-368.0,50686,-0.007260387483723316,-7.260387483723316
Høje-Taastrup,2019,3771.0,3898.0,-127.0,50759,-0.0025020193463228197,-2.5020193463228195
Høje-Taastrup,2020,4653.0,4105.0,548.0,51729,0.010593670861605675,10.593670861605675
Høje-Taastrup,2021,5019.0,4625.0,394.0,53053,0.007426535728422521,7.426535728422521
Høje-Taastrup,2022,5239.0,4328.0,911.0,55258,0.01648630062615368,16.486300626153678
Høje-Taastrup,2023,5413.0,4525.0,888.0,57540,0.01543274244004171,15.43274244004171
Høje-Taastrup,2024,5131.0,4697.0,434.0,59059,0.0073485836197700605,7.348583619770061
Høje-Taastrup,2025,5704.0,5399.0,305.0,60458,0.005044824506268815,5.044824506268815
Hørsholm,1992,1618.0,1664.0,-46.0,23171,-0.0019852401709032842,-1.9852401709032843
Hørsholm,1993,1655.0,1600.0,55.0,23101,0.002380849313882516,2.380849313882516
Hørsholm,1994,1828.0,1692.0,136.0,23178,0.005867633100353784,5.867633100353784
Hørsholm,1995,1798.0,1646.0,152.0,23377,0.006502117465885272,6.502117465885272
Hørsholm,1996,1557.0,1639.0,-82.0,23568,-0.003479293957909029,-3.479293957909029
Hørsholm,1997,1449.0,1549.0,-100.0,23485,-0.004258037044922291,-4.258037044922291
Hørsholm,1998,1549.0,1527.0,22.0,23386,0.0009407337723424271,0.9407337723424272
Hørsholm,1999,1540.0,1458.0,82.0,23469,0.0034939707699518513,3.493970769951851
Hørsholm,2000,1470.0,1482.0,-12.0,23648,-0.0005074424898511502,-0.5074424898511501
Hørsholm,2001,1665.0,1436.0,229.0,23689,0.009666934020009286,9.666934020009286
Hørsholm,2002,1558.0,1386.0,172.0,24038,0.007155337382477743,7.155337382477743
Hørsholm,2003,1469.0,1553.0,-84.0,24208,-0.0034699272967614013,-3.4699272967614014
Hørsholm,2004,1601.0,1604.0,-3.0,24246,-0.00012373174956693887,-0.12373174956693887
Hørsholm,2005,1500.0,1492.0,8.0,24292,0.00032932652725177014,0.32932652725177014
Hørsholm,2006,1317.0,1305.0,12.0,24317,0.000493481926224452,0.49348192622445197
Hørsholm,2007,1121.0,1299.0,-178.0,24197,-0.0073562838368392775,-7.356283836839277
Hørsholm,2008,1219.0,1229.0,-10.0,24310,-0.00041135335252982314,-0.41135335252982314
Hørsholm,2009,1285.0,1297.0,-12.0,24378,-0.0004922471080482402,-0.4922471080482402
Hørsholm,2010,1369.0,1311.0,58.0,24415,0.002375588777390948,2.375588777390948
Hørsholm,2011,1267.0,1318.0,-51.0,24365,-0.002093166427252206,-2.0931664272522057
Hørsholm,2012,1468.0,1283.0,185.0,24543,0.007537790816118649,7.537790816118649
Hørsholm,2013,1564.0,1392.0,172.0,24709,0.006961026346675301,6.9610263466753
Hørsholm,2014,1612.0,1411.0,201.0,24856,0.008086578693273254,8.086578693273253
Hørsholm,2015,1661.0,1644.0,17.0,24965,0.0006809533346685359,0.6809533346685359
Hørsholm,2016,1617.0,1640.0,-23.0,24977,-0.0009208471794050527,-0.9208471794050527
Hørsholm,2017,1654.0,1592.0,62.0,25028,0.0024772255074316765,2.4772255074316765
Hørsholm,2018,1626.0,1622.0,4.0,25007,0.00015995521254048866,0.15995521254048867
Hørsholm,2019,1588.0,1558.0,30.0,24864,0.0012065637065637065,1.2065637065637065
Hørsholm,2020,1776.0,1715.0,61.0,24917,0.002448127784243689,2.448127784243689
Hørsholm,2021,1877.0,1976.0,-99.0,24761,-0.003998223011994669,-3.9982230119946687
Hørsholm,2022,1522.0,1540.0,-18.0,24715,-0.0007283026502124216,-0.7283026502124216
Hørsholm,2023,1669.0,1453.0,216.0,24811,0.00870581596872355,8.70581596872355
Hørsholm,2024,1716.0,1353.0,363.0,25168,0.014423076923076924,14.423076923076923
Hørsholm,2025,1771.0,1487.0,284.0,25354,0.011201388341090163,11.201388341090162
Ikast-Brande,1992,1862.0,1973.0,-111.0,37904,-0.002928450823132123,-2.928450823132123
Ikast-Brande,1993,1843.0,2018.0,-175.0,38047,-0.004599574210844482,-4.599574210844482
Ikast-Brande,1994,2038.0,2098.0,-60.0,38072,-0.0015759613364152133,-1.5759613364152132
Ikast-Brande,1995,2041.0,2156.0,-115.0,38205,-0.0030100772150242114,-3.010077215024211
Ikast-Brande,1996,2083.0,2263.0,-180.0,38630,-0.004659590991457417,-4.659590991457417
Ikast-Brande,1997,1962.0,2144.0,-182.0,38699,-0.004702963900875992,-4.702963900875992
Ikast-Brande,1998,2087.0,2211.0,-124.0,38711,-0.00320322388985043,-3.20322388985043
Ikast-Brande,1999,1940.0,2023.0,-83.0,38787,-0.0021398922319333796,-2.1398922319333797
Ikast-Brande,2000,1960.0,2193.0,-233.0,38803,-0.0060046903589928615,-6.004690358992861
Ikast-Brande,2001,2021.0,2033.0,-12.0,38754,-0.0003096454559529339,-0.30964545595293386
Ikast-Brande,2002,2011.0,2031.0,-20.0,38927,-0.0005137822077221466,-0.5137822077221467
Ikast-Brande,2003,1892.0,2031.0,-139.0,39149,-0.0035505376893407237,-3.550537689340724
Ikast-Brande,2004,2056.0,2102.0,-46.0,39248,-0.0011720342437831228,-1.1720342437831228
Ikast-Brande,2005,2056.0,2058.0,-2.0,39371,-5.0798811307815394e-05,-0.05079881130781539
Ikast-Brande,2006,2060.0,2056.0,4.0,39528,0.00010119409026512852,0.10119409026512852
Ikast-Brande,2007,2007.0,2056.0,-49.0,39893,-0.0012282856641516056,-1.2282856641516056
Ikast-Brande,2008,1844.0,1933.0,-89.0,40176,-0.0022152528872958982,-2.215252887295898
Ikast-Brande,2009,1681.0,1784.0,-103.0,40312,-0.002555070450486208,-2.5550704504862076
Ikast-Brande,2010,1664.0,1668.0,-4.0,40571,-9.859259076680388e-05,-0.09859259076680388
Ikast-Brande,2011,1696.0,2017.0,-321.0,40658,-0.007895125190614393,-7.895125190614394
Ikast-Brande,2012,1693.0,1931.0,-238.0,40468,-0.0058811900761095185,-5.881190076109519
Ikast-Brande,2013,1826.0,1924.0,-98.0,40602,-0.0024136742032412196,-2.4136742032412197
Ikast-Brande,2014,1720.0,1956.0,-236.0,40598,-0.0058130942410956205,-5.81309424109562
Ikast-Brande,2015,1820.0,1960.0,-140.0,40798,-0.0034315407618020492,-3.431540761802049
Ikast-Brande,2016,1949.0,2179.0,-230.0,40981,-0.0056123569459017595,-5.61235694590176
Ikast-Brande,2017,2051.0,2062.0,-11.0,41191,-0.0002670486271272851,-0.2670486271272851
Ikast-Brande,2018,1997.0,2141.0,-144.0,41282,-0.0034882030909355165,-3.4882030909355164
Ikast-Brande,2019,2138.0,2230.0,-92.0,41369,-0.002223887451956779,-2.223887451956779
Ikast-Brande,2020,2208.0,2300.0,-92.0,41473,-0.0022183107081715815,-2.2183107081715816
Ikast-Brande,2021,2518.0,2381.0,137.0,41885,0.0032708606899844814,3.2708606899844814
Ikast-Brande,2022,2309.0,2269.0,40.0,42540,0.0009402914903620122,0.9402914903620122
Ikast-Brande,2023,2059.0,2134.0,-75.0,42737,-0.0017549196246811896,-1.7549196246811896
Ikast-Brande,2024,2173.0,2081.0,92.0,43009,0.0021390871678020878,2.1390871678020877
Ikast-Brande,2025,2161.0,2159.0,2.0,43305,4.618404341300081e-05,0.04618404341300081
Ishøj,1992,1536.0,1647.0,-111.0,20735,-0.00535326742223294,-5.35326742223294
Ishøj,1993,1528.0,1774.0,-246.0,20920,-0.011759082217973232,-11.759082217973232
Ishøj,1994,1704.0,1771.0,-67.0,20920,-0.003202676864244742,-3.202676864244742
Ishøj,1995,1402.0,1663.0,-261.0,21077,-0.012383166484793852,-12.383166484793852
Ishøj,1996,1460.0,1742.0,-282.0,21052,-0.013395401862055862,-13.395401862055863
Ishøj,1997,1404.0,1483.0,-79.0,21041,-0.0037545744023573025,-3.7545744023573024
Ishøj,1998,1279.0,1650.0,-371.0,21200,-0.0175,-17.5
Ishøj,1999,1315.0,1521.0,-206.0,21031,-0.00979506442870049,-9.795064428700488
Ishøj,2000,1275.0,1465.0,-190.0,21023,-0.009037720591732863,-9.037720591732864
Ishøj,2001,1352.0,1448.0,-96.0,20943,-0.004583870505658215,-4.583870505658215
Ishøj,2002,1391.0,1507.0,-116.0,20987,-0.005527231143088579,-5.527231143088579
Ishøj,2003,1199.0,1544.0,-345.0,21023,-0.016410597916567567,-16.410597916567568
Ishøj,2004,1616.0,1789.0,-173.0,20750,-0.00833734939759036,-8.33734939759036
Ishøj,2005,1694.0,1720.0,-26.0,20668,-0.0012579833559125217,-1.2579833559125218
Ishøj,2006,1358.0,1579.0,-221.0,20820,-0.010614793467819404,-10.614793467819403
Ishøj,2007,1269.0,1471.0,-202.0,20687,-0.00976458645526176,-9.764586455261759
Ishøj,2008,1276.0,1436.0,-160.0,20756,-0.007708614376565812,-7.708614376565812
Ishøj,2009,1197.0,1486.0,-289.0,20606,-0.014025041250121323,-14.025041250121323
Ishøj,2010,1391.0,1331.0,60.0,20797,0.002885031494927153,2.8850314949271527
Ishøj,2011,1408.0,1257.0,151.0,21087,0.007160809977711386,7.160809977711386
Ishøj,2012,1273.0,1429.0,-156.0,21131,-0.007382518574606029,-7.382518574606029
Ishøj,2013,1518.0,1347.0,171.0,21547,0.007936139601800715,7.936139601800715
Ishøj,2014,1599.0,1449.0,150.0,22025,0.00681044267877412,6.81044267877412
Ishøj,2015,1539.0,1499.0,40.0,22358,0.0017890687896949637,1.7890687896949637
Ishøj,2016,1610.0,1554.0,56.0,22719,0.0024648972225890225,2.4648972225890224
Ishøj,2017,1782.0,1780.0,2.0,22988,8.700191404210893e-05,0.08700191404210893
Ishøj,2018,1663.0,1991.0,-328.0,22946,-0.014294430401812951,-14.294430401812951
Ishøj,2019,1671.0,1872.0,-201.0,22989,-0.008743312018791596,-8.743312018791597
Ishøj,2020,1800.0,1834.0,-34.0,23131,-0.0014698888936924474,-1.4698888936924475
Ishøj,2021,1888.0,2017.0,-129.0,23225,-0.005554359526372443,-5.554359526372443
Ishøj,2022,1635.0,1769.0,-134.0,23457,-0.005712580466385301,-5.712580466385301
Ishøj,2023,1628.0,1816.0,-188.0,23663,-0.007944892870726451,-7.944892870726451
Ishøj,2024,1899.0,1862.0,37.0,24365,0.0015185717217319926,1.5185717217319925
Ishøj,2025,1792.0,2046.0,-254.0,24685,-0.010289649584768077,-10.289649584768078
Jammerbugt,1992,1735.0,1922.0,-187.0,38191,-0.004896441570003404,-4.896441570003405
Jammerbugt,1993,1753.0,1829.0,-76.0,38148,-0.0019922407465660062,-1.9922407465660061
Jammerbugt,1994,1847.0,2048.0,-201.0,38117,-0.005273237662985019,-5.27323766298502
Jammerbugt,1995,1955.0,1985.0,-30.0,38029,-0.0007888716505824502,-0.7888716505824502
Jammerbugt,1996,2072.0,2026.0,46.0,38230,0.0012032435260266807,1.2032435260266807
Jammerbugt,1997,2097.0,2035.0,62.0,38322,0.0016178696310213455,1.6178696310213454
Jammerbugt,1998,2024.0,2022.0,2.0,38463,5.1998024075085146e-05,0.05199802407508514
Jammerbugt,1999,2147.0,2069.0,78.0,38605,0.0020204636705090013,2.020463670509001
Jammerbugt,2000,2052.0,2064.0,-12.0,38772,-0.00030950170225936243,-0.3095017022593624
Jammerbugt,2001,2040.0,2141.0,-101.0,38896,-0.0025966680378445082,-2.596668037844508
Jammerbugt,2002,1968.0,2068.0,-100.0,38888,-0.0025714873482822463,-2.5714873482822465
Jammerbugt,2003,1982.0,2118.0,-136.0,38980,-0.0034889687018984095,-3.4889687018984095
Jammerbugt,2004,2032.0,2163.0,-131.0,38965,-0.003361991530861029,-3.361991530861029
Jammerbugt,2005,1921.0,2260.0,-339.0,38884,-0.008718238864314371,-8.71823886431437
Jammerbugt,2006,1850.0,1920.0,-70.0,38704,-0.001808598594460521,-1.808598594460521
Jammerbugt,2007,1718.0,1707.0,11.0,38957,0.00028236260492337705,0.28236260492337706
Jammerbugt,2008,1567.0,1690.0,-123.0,38990,-0.003154655039753783,-3.154655039753783
Jammerbugt,2009,1357.0,1523.0,-166.0,38927,-0.0042643923240938165,-4.264392324093817
Jammerbugt,2010,1490.0,1760.0,-270.0,38733,-0.0069708000929440015,-6.9708000929440015
Jammerbugt,2011,1572.0,1758.0,-186.0,38611,-0.004817280049726762,-4.817280049726762
Jammerbugt,2012,1593.0,1737.0,-144.0,38597,-0.0037308599113920773,-3.730859911392077
Jammerbugt,2013,1590.0,1930.0,-340.0,38351,-0.008865479387760423,-8.865479387760423
Jammerbugt,2014,1593.0,1736.0,-143.0,38293,-0.0037343639829733894,-3.7343639829733895
Jammerbugt,2015,1640.0,1653.0,-13.0,38466,-0.0003379607965476005,-0.3379607965476005
Jammerbugt,2016,1681.0,1796.0,-115.0,38581,-0.002980741815919753,-2.980741815919753
Jammerbugt,2017,1778.0,1904.0,-126.0,38638,-0.0032610383560225686,-3.2610383560225684
Jammerbugt,2018,1631.0,1848.0,-217.0,38460,-0.005642225689027561,-5.642225689027561
Jammerbugt,2019,1818.0,1886.0,-68.0,38324,-0.0017743450579271475,-1.7743450579271476
Jammerbugt,2020,1815.0,1956.0,-141.0,38175,-0.003693516699410609,-3.693516699410609
Jammerbugt,2021,1905.0,1983.0,-78.0,38187,-0.002042579935580171,-2.042579935580171
Jammerbugt,2022,1775.0,1811.0,-36.0,38364,-0.0009383797309978105,-0.9383797309978105
Jammerbugt,2023,1683.0,1762.0,-79.0,38234,-0.0020662237798817805,-2.0662237798817804
Jammerbugt,2024,1573.0,1768.0,-195.0,37954,-0.005137798387521737,-5.137798387521737
Jammerbugt,2025,1787.0,1729.0,58.0,37998,0.0015263961261119006,1.5263961261119006
Kalundborg,1992,2942.0,3062.0,-120.0,46269,-0.0025935291447837646,-2.5935291447837647
Kalundborg,1993,3046.0,3003.0,43.0,46237,0.0009299911326426887,0.9299911326426887
Kalundborg,1994,3353.0,3278.0,75.0,46268,0.0016209907495461225,1.6209907495461224
Kalundborg,1995,3450.0,3467.0,-17.0,46477,-0.0003657723174903716,-0.3657723174903716
Kalundborg,1996,3435.0,3559.0,-124.0,46535,-0.0026646610078435587,-2.664661007843559
Kalundborg,1997,3581.0,3468.0,113.0,46525,0.002428801719505642,2.428801719505642
Kalundborg,1998,3595.0,3387.0,208.0,46661,0.004457684147360751,4.457684147360752
Kalundborg,1999,3496.0,3345.0,151.0,46959,0.0032155710300474883,3.2155710300474882
Kalundborg,2000,3362.0,3301.0,61.0,47048,0.0012965482060874002,1.2965482060874003
Kalundborg,2001,3388.0,3101.0,287.0,47183,0.006082699277282072,6.082699277282072
Kalundborg,2002,3645.0,3370.0,275.0,47655,0.00577064316441087,5.77064316441087
Kalundborg,2003,3655.0,3348.0,307.0,47974,0.00639929962062784,6.39929962062784
Kalundborg,2004,3838.0,3355.0,483.0,48227,0.010015136749123934,10.015136749123934
Kalundborg,2005,3737.0,3519.0,218.0,48697,0.004476661806682137,4.476661806682137
Kalundborg,2006,2906.0,2452.0,454.0,48944,0.009275907159202354,9.275907159202355
Kalundborg,2007,2738.0,2406.0,332.0,49743,0.006674305932493014,6.674305932493015
Kalundborg,2008,2276.0,2408.0,-132.0,49741,-0.0026537464063850747,-2.653746406385075
Kalundborg,2009,2038.0,2443.0,-405.0,49265,-0.008220846442707805,-8.220846442707805
Kalundborg,2010,2163.0,2304.0,-141.0,49088,-0.0028723924380704043,-2.8723924380704045
Kalundborg,2011,2052.0,2466.0,-414.0,48632,-0.008512913308109887,-8.512913308109887
Kalundborg,2012,2159.0,2422.0,-263.0,48294,-0.0054458110738394,-5.4458110738394
Kalundborg,2013,2365.0,2346.0,19.0,48358,0.000392902932296621,0.39290293229662104
Kalundborg,2014,2484.0,2430.0,54.0,48469,0.0011141141760713034,1.1141141760713034
Kalundborg,2015,2612.0,2503.0,109.0,48660,0.002240032881216605,2.2400328812166053
Kalundborg,2016,2584.0,2622.0,-38.0,48736,-0.0007797110965200262,-0.7797110965200262
Kalundborg,2017,2760.0,2643.0,117.0,48982,0.0023886325588991873,2.3886325588991872
Kalundborg,2018,2594.0,2673.0,-79.0,48681,-0.0016228097204248064,-1.6228097204248064
Kalundborg,2019,2547.0,2679.0,-132.0,48436,-0.0027252456850276655,-2.7252456850276654
Kalundborg,2020,2826.0,2707.0,119.0,48487,0.00245426609194217,2.45426609194217
Kalundborg,2021,2758.0,2798.0,-40.0,48368,-0.0008269930532583526,-0.8269930532583526
Kalundborg,2022,2625.0,2568.0,57.0,48602,0.0011727912431587178,1.1727912431587177
Kalundborg,2023,2380.0,2680.0,-300.0,48309,-0.006210022977085015,-6.210022977085015
Kalundborg,2024,2131.0,2563.0,-432.0,48103,-0.008980728852670311,-8.980728852670312
Kalundborg,2025,2211.0,2506.0,-295.0,47954,-0.006151728740042541,-6.1517287400425404
Kerteminde,1992,1410.0,1533.0,-123.0,22388,-0.005494014650705735,-5.4940146507057355
Kerteminde,1993,1299.0,1381.0,-82.0,22354,-0.003668247293549253,-3.668247293549253
Kerteminde,1994,1395.0,1473.0,-78.0,22345,-0.003490713806220631,-3.490713806220631
Kerteminde,1995,1451.0,1383.0,68.0,22322,0.0030463220141564375,3.0463220141564373
Kerteminde,1996,1406.0,1444.0,-38.0,22491,-0.0016895647147747988,-1.6895647147747987
Kerteminde,1997,1448.0,1346.0,102.0,22477,0.004537972149308182,4.537972149308182
Kerteminde,1998,1525.0,1382.0,143.0,22656,0.006311793785310734,6.311793785310734
Kerteminde,1999,1424.0,1491.0,-67.0,22886,-0.002927553963121559,-2.927553963121559
Kerteminde,2000,1460.0,1342.0,118.0,22855,0.0051629840297527894,5.162984029752789
Kerteminde,2001,1359.0,1423.0,-64.0,23000,-0.002782608695652174,-2.7826086956521743
Kerteminde,2002,1271.0,1324.0,-53.0,23010,-0.0023033463711429813,-2.303346371142981
Kerteminde,2003,1375.0,1412.0,-37.0,23026,-0.0016068791800573265,-1.6068791800573266
Kerteminde,2004,1407.0,1398.0,9.0,23067,0.0003901677721420211,0.3901677721420211
Kerteminde,2005,1540.0,1442.0,98.0,23071,0.004247756924277231,4.2477569242772315
Kerteminde,2006,1391.0,1158.0,233.0,23239,0.010026248978011102,10.026248978011102
Kerteminde,2007,1389.0,1293.0,96.0,23630,0.004062632247143462,4.062632247143462
Kerteminde,2008,1272.0,1177.0,95.0,23745,0.004000842282585807,4.000842282585808
Kerteminde,2009,1153.0,1098.0,55.0,23770,0.0023138409760201937,2.3138409760201935
Kerteminde,2010,1162.0,1187.0,-25.0,23758,-0.0010522771277043522,-1.052277127704352
Kerteminde,2011,1280.0,1241.0,39.0,23793,0.0016391375614676585,1.6391375614676584
Kerteminde,2012,1252.0,1222.0,30.0,23787,0.0012611930886618741,1.261193088661874
Kerteminde,2013,1168.0,1322.0,-154.0,23665,-0.006507500528206212,-6.5075005282062115
Kerteminde,2014,1183.0,1250.0,-67.0,23728,-0.0028236682400539447,-2.823668240053945
Kerteminde,2015,1243.0,1302.0,-59.0,23880,-0.002470686767169179,-2.470686767169179
Kerteminde,2016,1226.0,1364.0,-138.0,23774,-0.00580466055354589,-5.80466055354589
Kerteminde,2017,1279.0,1259.0,20.0,23756,0.0008418925745074928,0.8418925745074928
Kerteminde,2018,1261.0,1272.0,-11.0,23773,-0.00046270979682833466,-0.46270979682833463
Kerteminde,2019,1367.0,1277.0,90.0,23812,0.0037796069208802284,3.7796069208802283
Kerteminde,2020,1496.0,1372.0,124.0,23847,0.005199815490418082,5.199815490418082
Kerteminde,2021,1610.0,1421.0,189.0,24034,0.0078638595323292,7.863859532329201
Kerteminde,2022,1315.0,1426.0,-111.0,23991,-0.004626735025634613,-4.626735025634614
Kerteminde,2023,1261.0,1294.0,-33.0,23894,-0.001381099857704863,-1.381099857704863
Kerteminde,2024,1357.0,1264.0,93.0,23949,0.0038832519103094076,3.8832519103094074
Kerteminde,2025,1447.0,1262.0,185.0,24299,0.00761348203629779,7.61348203629779
Kolding,1992,4610.0,4439.0,171.0,78879,0.0021678773818126496,2.1678773818126498
Kolding,1993,4869.0,4715.0,154.0,79270,0.0019427273874101172,1.9427273874101172
Kolding,1994,5214.0,5014.0,200.0,79864,0.002504257237303416,2.504257237303416
Kolding,1995,5288.0,5440.0,-152.0,80545,-0.0018871438326401391,-1.887143832640139
Kolding,1996,5477.0,5211.0,266.0,81275,0.0032728391264226393,3.2728391264226393
Kolding,1997,5246.0,5207.0,39.0,82169,0.0004746315520451752,0.4746315520451752
Kolding,1998,5541.0,5346.0,195.0,82702,0.0023578631713864237,2.3578631713864238
Kolding,1999,5274.0,5228.0,46.0,82997,0.0005542369001289203,0.5542369001289204
Kolding,2000,5200.0,5150.0,50.0,83412,0.0005994341341773366,0.5994341341773366
Kolding,2001,5310.0,5029.0,281.0,83887,0.003349744298878253,3.3497442988782526
Kolding,2002,5311.0,5193.0,118.0,84526,0.0013960201594775572,1.3960201594775572
Kolding,2003,5565.0,5347.0,218.0,84970,0.00256561139225609,2.5656113922560904
Kolding,2004,5611.0,5515.0,96.0,85780,0.0011191419911401258,1.119141991140126
Kolding,2005,5808.0,5718.0,90.0,86102,0.0010452718868318972,1.045271886831897
Kolding,2006,4275.0,4069.0,206.0,86478,0.0023821087444205464,2.3821087444205467
Kolding,2007,4301.0,4184.0,117.0,87781,0.001332862464542441,1.332862464542441
Kolding,2008,3918.0,4010.0,-92.0,88519,-0.0010393248907014313,-1.0393248907014314
Kolding,2009,3780.0,3809.0,-29.0,89071,-0.00032558296190679346,-0.3255829619067935
Kolding,2010,3570.0,4013.0,-443.0,89210,-0.004965811007734559,-4.965811007734559
Kolding,2011,3890.0,4020.0,-130.0,89412,-0.001453943542253836,-1.453943542253836
Kolding,2012,3962.0,4071.0,-109.0,89556,-0.0012171155478136585,-1.2171155478136586
Kolding,2013,3929.0,3969.0,-40.0,90066,-0.0004441187573557169,-0.4441187573557169
Kolding,2014,4146.0,4061.0,85.0,90794,0.0009361852104764632,0.9361852104764632
Kolding,2015,4215.0,4230.0,-15.0,91695,-0.0001635858007524947,-0.16358580075249468
Kolding,2016,4284.0,4372.0,-88.0,92282,-0.0009535987516525433,-0.9535987516525434
Kolding,2017,4239.0,4548.0,-309.0,92515,-0.0033399989190942008,-3.3399989190942008
Kolding,2018,4521.0,4560.0,-39.0,92893,-0.0004198378779886536,-0.41983787798865363
Kolding,2019,4552.0,4543.0,9.0,93175,9.65924335927019e-05,0.0965924335927019
Kolding,2020,4530.0,4993.0,-463.0,93161,-0.0049698908341473365,-4.9698908341473365
Kolding,2021,4684.0,4815.0,-131.0,93544,-0.0014004105020097495,-1.4004105020097495
Kolding,2022,4798.0,4672.0,126.0,94528,0.0013329383886255925,1.3329383886255926
Kolding,2023,4565.0,4621.0,-56.0,94932,-0.0005898959255045717,-0.5898959255045717
Kolding,2024,4536.0,4621.0,-85.0,95897,-0.0008863676653075696,-0.8863676653075696
Kolding,2025,4764.0,4777.0,-13.0,96214,-0.0001351154717608664,-0.13511547176086638
København,1992,35795.0,34116.0,1679.0,464566,0.0036141258723195414,3.6141258723195415
København,1993,36164.0,35327.0,837.0,466129,0.0017956402626740666,1.7956402626740666
København,1994,38236.0,35600.0,2636.0,467253,0.005641483307758323,5.641483307758323
København,1995,39220.0,36017.0,3203.0,471300,0.006796095904943773,6.796095904943773
København,1996,39535.0,35156.0,4379.0,476751,0.009185088232641359,9.185088232641359
København,1997,37898.0,36055.0,1843.0,483658,0.0038105438140173427,3.810543814017343
København,1998,36832.0,35741.0,1091.0,487969,0.0022357977658416825,2.2357977658416823
København,1999,36168.0,34463.0,1705.0,491082,0.0034719252589180626,3.4719252589180627
København,2000,36731.0,35813.0,918.0,495699,0.0018519303044791295,1.8519303044791295
København,2001,36247.0,36626.0,-379.0,499148,-0.000759293836697733,-0.759293836697733
København,2002,34541.0,36102.0,-1561.0,500531,-0.0031186879533934963,-3.118687953393496
København,2003,35729.0,37451.0,-1722.0,501285,-0.00343517160896496,-3.4351716089649598
København,2004,37664.0,39955.0,-2291.0,501664,-0.004566801683995663,-4.566801683995663
København,2005,37648.0,41230.0,-3582.0,502362,-0.007130316385395392,-7.130316385395392
København,2006,35737.0,37085.0,-1348.0,501158,-0.0026897704915415897,-2.68977049154159
København,2007,36517.0,36895.0,-378.0,509861,-0.0007413785325804484,-0.7413785325804484
København,2008,36411.0,36239.0,172.0,518574,0.00033167879608310484,0.33167879608310485
København,2009,38067.0,35907.0,2160.0,528208,0.004089298155272166,4.089298155272166
København,2010,39725.0,37149.0,2576.0,539542,0.004774419785670068,4.7744197856700685
København,2011,40940.0,36587.0,4353.0,549050,0.007928239686731627,7.928239686731627
København,2012,42265.0,38888.0,3377.0,559440,0.0060363935363935365,6.036393536393536
København,2013,42955.0,41030.0,1925.0,569557,0.003379819754651422,3.379819754651422
København,2014,44333.0,43569.0,764.0,580184,0.0013168236283661735,1.3168236283661734
København,2015,46096.0,46307.0,-211.0,591481,-0.0003567316617101817,-0.3567316617101817
København,2016,45445.0,45009.0,436.0,602481,0.0007236742735455558,0.7236742735455558
København,2017,46640.0,46977.0,-337.0,613288,-0.0005494971367448899,-0.5494971367448899
København,2018,45855.0,45920.0,-65.0,623404,-0.00010426625430699835,-0.10426625430699835
København,2019,46397.0,46842.0,-445.0,632340,-0.0007037353322579625,-0.7037353322579625
København,2020,47999.0,51411.0,-3412.0,638117,-0.005346981823082601,-5.346981823082601
København,2021,48125.0,53417.0,-5292.0,644431,-0.008211895455060356,-8.211895455060356
København,2022,42238.0,48329.0,-6091.0,653664,-0.0093182430117002,-9.3182430117002
København,2023,41672.0,48540.0,-6868.0,659350,-0.010416319102146052,-10.416319102146053
København,2024,41422.0,45261.0,-3839.0,667099,-0.005754768032930645,-5.754768032930644
København,2025,41723.0,48157.0,-6434.0,671714,-0.009578481317941862,-9.578481317941861
Køge,1992,3080.0,2999.0,81.0,50505,0.0016038016038016037,1.6038016038016036
Køge,1993,2960.0,3080.0,-120.0,50885,-0.0023582588189053747,-2.358258818905375
Køge,1994,3057.0,2987.0,70.0,51047,0.0013712852861088802,1.3712852861088802
Køge,1995,3163.0,3131.0,32.0,51316,0.0006235871852833425,0.6235871852833424
Køge,1996,3066.0,3106.0,-40.0,51654,-0.0007743833972199636,-0.7743833972199636
Køge,1997,3154.0,3207.0,-53.0,51812,-0.0010229290511850537,-1.0229290511850537
Køge,1998,3001.0,3118.0,-117.0,52022,-0.002249048479489447,-2.249048479489447
Køge,1999,3026.0,3039.0,-13.0,52154,-0.00024926180158760594,-0.24926180158760594
Køge,2000,3006.0,2934.0,72.0,52370,0.001374832919610464,1.374832919610464
Køge,2001,3069.0,2836.0,233.0,52663,0.004424358657881245,4.424358657881245
Køge,2002,3184.0,2919.0,265.0,53168,0.004984201023171833,4.984201023171833
Køge,2003,3197.0,2951.0,246.0,53685,0.004582285554624197,4.582285554624197
Køge,2004,3792.0,3295.0,497.0,54150,0.009178208679593722,9.178208679593721
Køge,2005,4032.0,3383.0,649.0,54926,0.011815897753340859,11.81589775334086
Køge,2006,3319.0,3032.0,287.0,55718,0.005150938655371693,5.150938655371694
Køge,2007,2975.0,2898.0,77.0,56637,0.0013595352861203807,1.3595352861203807
Køge,2008,2795.0,2837.0,-42.0,56848,-0.0007388122713200113,-0.7388122713200113
Køge,2009,2710.0,2628.0,82.0,57125,0.0014354485776805251,1.435448577680525
Køge,2010,2756.0,2876.0,-120.0,57271,-0.002095301286864207,-2.0953012868642067
Køge,2011,2841.0,2832.0,9.0,57307,0.00015704887710052873,0.15704887710052873
Køge,2012,3277.0,2959.0,318.0,57771,0.005504491873085112,5.5044918730851125
Køge,2013,3210.0,2827.0,383.0,58374,0.006561140233665673,6.561140233665673
Køge,2014,3599.0,2999.0,600.0,59285,0.010120603862697142,10.120603862697141
Køge,2015,3347.0,3345.0,2.0,59868,3.340682835571591e-05,0.03340682835571591
Køge,2016,3405.0,3546.0,-141.0,60109,-0.002345738574922225,-2.345738574922225
Køge,2017,3603.0,3626.0,-23.0,60356,-0.0003810723043276559,-0.3810723043276559
Køge,2018,3685.0,3489.0,196.0,60675,0.00323032550473836,3.23032550473836
Køge,2019,3553.0,3533.0,20.0,60979,0.0003279817642139097,0.3279817642139097
Køge,2020,3935.0,3631.0,304.0,61475,0.00494509963399756,4.94509963399756
Køge,2021,4061.0,4113.0,-52.0,61718,-0.0008425418840532745,-0.8425418840532746
Køge,2022,3724.0,3614.0,110.0,62458,0.0017611835153222965,1.7611835153222966
Køge,2023,3694.0,3483.0,211.0,62848,0.003357306517311609,3.357306517311609
Køge,2024,3794.0,3586.0,208.0,63335,0.003284124101997316,3.2841241019973157
Køge,2025,4007.0,3824.0,183.0,63962,0.002861073762546512,2.861073762546512
Langeland,1992,809.0,820.0,-11.0,15226,-0.00072244844345199,-0.72244844345199
Langeland,1993,851.0,840.0,11.0,15169,0.0007251631617113851,0.7251631617113851
Langeland,1994,808.0,869.0,-61.0,15149,-0.004026668426958875,-4.026668426958875
Langeland,1995,886.0,851.0,35.0,14995,0.002334111370456819,2.334111370456819
Langeland,1996,815.0,1019.0,-204.0,15164,-0.013452914798206279,-13.45291479820628
Langeland,1997,929.0,890.0,39.0,14938,0.002610791270585085,2.610791270585085
Langeland,1998,818.0,849.0,-31.0,14877,-0.0020837534449149693,-2.083753444914969
Langeland,1999,760.0,775.0,-15.0,14750,-0.001016949152542373,-1.0169491525423728
Langeland,2000,837.0,898.0,-61.0,14646,-0.004164959715963403,-4.164959715963404
Langeland,2001,753.0,790.0,-37.0,14563,-0.0025406852983588545,-2.5406852983588544
Langeland,2002,862.0,815.0,47.0,14446,0.003253495777377821,3.253495777377821
Langeland,2003,883.0,860.0,23.0,14386,0.0015987765883497846,1.5987765883497846
Langeland,2004,861.0,836.0,25.0,14299,0.0017483740121686832,1.7483740121686833
Langeland,2005,881.0,910.0,-29.0,14223,-0.0020389509948674682,-2.0389509948674682
Langeland,2006,646.0,697.0,-51.0,14120,-0.0036118980169971672,-3.6118980169971673
Langeland,2007,621.0,719.0,-98.0,13741,-0.007131940906775344,-7.131940906775344
Langeland,2008,552.0,648.0,-96.0,13563,-0.007078080070780801,-7.078080070780801
Langeland,2009,642.0,569.0,73.0,13510,0.00540340488527017,5.40340488527017
Langeland,2010,539.0,633.0,-94.0,13322,-0.007055997597958264,-7.055997597958264
Langeland,2011,500.0,595.0,-95.0,13094,-0.00725523140369635,-7.2552314036963494
Langeland,2012,556.0,672.0,-116.0,12861,-0.009019516367312028,-9.019516367312027
Langeland,2013,478.0,567.0,-89.0,12695,-0.007010634107916503,-7.010634107916503
Langeland,2014,525.0,528.0,-3.0,12647,-0.00023721040562979363,-0.23721040562979362
Langeland,2015,579.0,642.0,-63.0,12547,-0.0050211205865944054,-5.021120586594406
Langeland,2016,633.0,574.0,59.0,12578,0.004690729845762442,4.6907298457624425
Langeland,2017,748.0,625.0,123.0,12641,0.009730242860533186,9.730242860533187
Langeland,2018,623.0,649.0,-26.0,12560,-0.002070063694267516,-2.0700636942675157
Langeland,2019,698.0,664.0,34.0,12491,0.002721959811063966,2.721959811063966
Langeland,2020,701.0,749.0,-48.0,12367,-0.0038812970000808604,-3.88129700008086
Langeland,2021,728.0,763.0,-35.0,12316,-0.0028418317635595975,-2.8418317635595973
Langeland,2022,707.0,645.0,62.0,12384,0.005006459948320413,5.006459948320413
Langeland,2023,537.0,560.0,-23.0,12260,-0.0018760195758564437,-1.8760195758564437
Langeland,2024,567.0,661.0,-94.0,11973,-0.007850998079011108,-7.8509980790111085
Langeland,2025,580.0,615.0,-35.0,11841,-0.0029558314331559836,-2.955831433155984
Lejre,1992,1694.0,1643.0,51.0,23557,0.0021649615825444666,2.164961582544467
Lejre,1993,1669.0,1617.0,52.0,23703,0.0021938151288866388,2.193815128886639
Lejre,1994,1657.0,1723.0,-66.0,23928,-0.0027582748244734203,-2.7582748244734203
Lejre,1995,1687.0,1779.0,-92.0,24008,-0.0038320559813395535,-3.8320559813395536
Lejre,1996,1776.0,1834.0,-58.0,24058,-0.002410840468866905,-2.410840468866905
Lejre,1997,2020.0,1761.0,259.0,24183,0.010710002894595377,10.710002894595377
Lejre,1998,1666.0,1639.0,27.0,24602,0.0010974717502642063,1.0974717502642062
Lejre,1999,1761.0,1670.0,91.0,24740,0.0036782538399353273,3.6782538399353273
Lejre,2000,1591.0,1627.0,-36.0,24975,-0.0014414414414414415,-1.4414414414414414
Lejre,2001,1753.0,1720.0,33.0,25147,0.0013122837714240267,1.3122837714240267
Lejre,2002,1829.0,1629.0,200.0,25339,0.007892971309049292,7.892971309049292
Lejre,2003,1649.0,1651.0,-2.0,25637,-7.80122479229239e-05,-0.0780122479229239
Lejre,2004,1938.0,1850.0,88.0,25717,0.003421861025780612,3.421861025780612
Lejre,2005,1951.0,1908.0,43.0,25971,0.0016556928882214778,1.6556928882214779
Lejre,2006,1614.0,1556.0,58.0,26132,0.002219500994948722,2.219500994948722
Lejre,2007,1597.0,1496.0,101.0,26603,0.0037965642972597074,3.7965642972597076
Lejre,2008,1361.0,1384.0,-23.0,26778,-0.0008589140339084323,-0.8589140339084322
Lejre,2009,1374.0,1431.0,-57.0,26794,-0.0021273419422258716,-2.1273419422258715
Lejre,2010,1434.0,1503.0,-69.0,26764,-0.0025780899716036465,-2.5780899716036463
Lejre,2011,1601.0,1508.0,93.0,26887,0.0034589206679808086,3.4589206679808084
Lejre,2012,1576.0,1661.0,-85.0,26901,-0.0031597338388907477,-3.1597338388907477
Lejre,2013,1721.0,1691.0,30.0,26989,0.0011115639705065027,1.1115639705065028
Lejre,2014,1765.0,1692.0,73.0,27172,0.002686589135875166,2.686589135875166
Lejre,2015,1949.0,1960.0,-11.0,27317,-0.0004026796500347769,-0.4026796500347769
Lejre,2016,1819.0,1819.0,0.0,27402,0.0,0.0
Lejre,2017,2080.0,1998.0,82.0,27544,0.002977054893987801,2.977054893987801
Lejre,2018,2057.0,1822.0,235.0,27775,0.00846084608460846,8.46084608460846
Lejre,2019,2146.0,1952.0,194.0,27996,0.0069295613659094155,6.929561365909415
Lejre,2020,2235.0,2058.0,177.0,28173,0.006282611010542009,6.282611010542008
Lejre,2021,2589.0,2221.0,368.0,28623,0.012856793487754602,12.856793487754603
Lejre,2022,2060.0,2004.0,56.0,28930,0.0019357068786726582,1.9357068786726581
Lejre,2023,2149.0,1830.0,319.0,29347,0.010869935598187209,10.869935598187208
Lejre,2024,2221.0,2009.0,212.0,29594,0.007163614246130973,7.163614246130972
Lejre,2025,2374.0,2167.0,207.0,29879,0.006927942702232337,6.927942702232337
Lemvig,1992,1066.0,1160.0,-94.0,24155,-0.0038915338439246532,-3.891533843924653
Lemvig,1993,1064.0,1104.0,-40.0,24216,-0.0016518004625041295,-1.6518004625041296
Lemvig,1994,1057.0,1252.0,-195.0,24210,-0.0080545229244114,-8.0545229244114
Lemvig,1995,1111.0,1248.0,-137.0,24104,-0.0056837039495519414,-5.6837039495519415
Lemvig,1996,1139.0,1326.0,-187.0,24123,-0.007751937984496124,-7.751937984496124
Lemvig,1997,1105.0,1255.0,-150.0,24014,-0.006246356292162905,-6.246356292162905
Lemvig,1998,1104.0,1231.0,-127.0,23930,-0.005307145842039281,-5.307145842039281
Lemvig,1999,1018.0,1157.0,-139.0,23933,-0.005807880332595161,-5.807880332595161
Lemvig,2000,1033.0,1237.0,-204.0,23863,-0.008548799396555336,-8.548799396555337
Lemvig,2001,934.0,1251.0,-317.0,23751,-0.013346806450254727,-13.346806450254727
Lemvig,2002,1011.0,1155.0,-144.0,23443,-0.006142558546261144,-6.142558546261144
Lemvig,2003,961.0,1212.0,-251.0,23312,-0.010766986959505833,-10.766986959505834
Lemvig,2004,896.0,1276.0,-380.0,23121,-0.016435275290861123,-16.43527529086112
Lemvig,2005,931.0,1164.0,-233.0,22760,-0.01023725834797891,-10.23725834797891
Lemvig,2006,805.0,1076.0,-271.0,22483,-0.01205355157229907,-12.053551572299071
Lemvig,2007,806.0,1038.0,-232.0,22067,-0.010513436352925183,-10.513436352925183
Lemvig,2008,824.0,983.0,-159.0,21946,-0.007245056046659984,-7.245056046659983
Lemvig,2009,797.0,922.0,-125.0,21790,-0.005736576411197797,-5.736576411197797
Lemvig,2010,615.0,834.0,-219.0,21554,-0.010160527048343694,-10.160527048343694
Lemvig,2011,717.0,871.0,-154.0,21384,-0.00720164609053498,-7.20164609053498
Lemvig,2012,722.0,914.0,-192.0,21223,-0.009046788861141214,-9.046788861141215
Lemvig,2013,700.0,980.0,-280.0,20933,-0.013376009172120576,-13.376009172120575
Lemvig,2014,756.0,1005.0,-249.0,20657,-0.0120540252698843,-12.054025269884301
Lemvig,2015,651.0,947.0,-296.0,20399,-0.01451051522133438,-14.51051522133438
Lemvig,2016,815.0,1004.0,-189.0,20291,-0.00931447439751614,-9.31447439751614
Lemvig,2017,759.0,941.0,-182.0,20133,-0.009039884766304077,-9.039884766304077
Lemvig,2018,826.0,922.0,-96.0,19998,-0.004800480048004801,-4.8004800480048
Lemvig,2019,731.0,942.0,-211.0,19722,-0.010698712098164486,-10.698712098164487
Lemvig,2020,809.0,903.0,-94.0,19607,-0.004794206150864487,-4.794206150864487
Lemvig,2021,751.0,980.0,-229.0,19398,-0.01180534075677905,-11.80534075677905
Lemvig,2022,709.0,980.0,-271.0,19371,-0.013989985029167313,-13.989985029167313
Lemvig,2023,664.0,820.0,-156.0,19110,-0.00816326530612245,-8.16326530612245
Lemvig,2024,660.0,857.0,-197.0,18800,-0.010478723404255319,-10.47872340425532
Lemvig,2025,650.0,789.0,-139.0,18596,-0.007474725747472575,-7.474725747472575
Lolland,1992,3434.0,3430.0,4.0,52900,7.561436672967863e-05,0.07561436672967864
Lolland,1993,3569.0,3425.0,144.0,52653,0.00273488690103128,2.73488690103128
Lolland,1994,3489.0,3714.0,-225.0,52453,-0.004289554458276934,-4.289554458276934
Lolland,1995,3735.0,3861.0,-126.0,51989,-0.00242358960549347,-2.42358960549347
Lolland,1996,4062.0,4069.0,-7.0,51963,-0.00013471123684159883,-0.13471123684159883
Lolland,1997,3697.0,3796.0,-99.0,51999,-0.001903882766976288,-1.903882766976288
Lolland,1998,3844.0,3818.0,26.0,51608,0.0005037978607967757,0.5037978607967757
Lolland,1999,3898.0,3817.0,81.0,51318,0.001578393546124167,1.578393546124167
Lolland,2000,3758.0,3736.0,22.0,51179,0.00042986381132886537,0.42986381132886536
Lolland,2001,3616.0,3665.0,-49.0,50937,-0.0009619726328601999,-0.9619726328601998
Lolland,2002,3640.0,3695.0,-55.0,50659,-0.001085690597919422,-1.085690597919422
Lolland,2003,3809.0,3804.0,5.0,50285,9.943323058566172e-05,0.09943323058566172
Lolland,2004,3747.0,3905.0,-158.0,49946,-0.0031634164898089938,-3.1634164898089936
Lolland,2005,3929.0,4176.0,-247.0,49469,-0.004993025935434312,-4.9930259354343125
Lolland,2006,2134.0,2174.0,-40.0,48967,-0.0008168766720444381,-0.8168766720444381
Lolland,2007,2087.0,2256.0,-169.0,48219,-0.003504842489475103,-3.504842489475103
Lolland,2008,1925.0,2135.0,-210.0,47757,-0.004397261134493373,-4.397261134493372
Lolland,2009,1680.0,2161.0,-481.0,46984,-0.0102375276689937,-10.2375276689937
Lolland,2010,1500.0,2045.0,-545.0,46111,-0.011819305588688166,-11.819305588688167
Lolland,2011,1534.0,2094.0,-560.0,45241,-0.012378152560730311,-12.37815256073031
Lolland,2012,1500.0,2035.0,-535.0,44436,-0.01203978755963633,-12.03978755963633
Lolland,2013,1509.0,2132.0,-623.0,43528,-0.014312626355449366,-14.312626355449366
Lolland,2014,1675.0,2028.0,-353.0,43024,-0.008204722945332837,-8.204722945332838
Lolland,2015,1769.0,1956.0,-187.0,42638,-0.004385759181950373,-4.385759181950372
Lolland,2016,1896.0,2004.0,-108.0,42285,-0.002554097197587797,-2.5540971975877973
Lolland,2017,1882.0,1976.0,-94.0,41982,-0.002239054833023677,-2.239054833023677
Lolland,2018,1836.0,1877.0,-41.0,41615,-0.0009852216748768472,-0.9852216748768472
Lolland,2019,1844.0,1971.0,-127.0,41105,-0.0030896484612577546,-3.0896484612577546
Lolland,2020,1815.0,1974.0,-159.0,40539,-0.003922149041663583,-3.922149041663583
Lolland,2021,1805.0,1973.0,-168.0,40107,-0.004188794973446032,-4.188794973446032
Lolland,2022,1804.0,1883.0,-79.0,39921,-0.001978908343979359,-1.978908343979359
Lolland,2023,1618.0,1665.0,-47.0,39632,-0.0011859103754541785,-1.1859103754541784
Lolland,2024,1442.0,1842.0,-400.0,39122,-0.010224426154082103,-10.224426154082103
Lolland,2025,1413.0,1832.0,-419.0,38533,-0.010873796486128772,-10.873796486128773
Lyngby-Taarbæk,1992,3305.0,3382.0,-77.0,49612,-0.0015520438603563655,-1.5520438603563655
Lyngby-Taarbæk,1993,3572.0,3233.0,339.0,49334,0.006871528763124823,6.8715287631248225
Lyngby-Taarbæk,1994,3571.0,3487.0,84.0,49482,0.0016975870013338184,1.6975870013338183
Lyngby-Taarbæk,1995,3715.0,3507.0,208.0,49578,0.004195409254104643,4.195409254104644
Lyngby-Taarbæk,1996,3728.0,3352.0,376.0,49860,0.007541115122342559,7.541115122342559
Lyngby-Taarbæk,1997,3430.0,3462.0,-32.0,50317,-0.0006359679631138582,-0.6359679631138582
Lyngby-Taarbæk,1998,3464.0,3223.0,241.0,50196,0.004801179376842777,4.801179376842777
Lyngby-Taarbæk,1999,3379.0,3256.0,123.0,50474,0.002436898205016444,2.436898205016444
Lyngby-Taarbæk,2000,3610.0,3471.0,139.0,50609,0.0027465470568475963,2.7465470568475965
Lyngby-Taarbæk,2001,3481.0,3336.0,145.0,50853,0.002851355868876959,2.851355868876959
Lyngby-Taarbæk,2002,3593.0,3426.0,167.0,51102,0.0032679738562091504,3.2679738562091503
Lyngby-Taarbæk,2003,3570.0,3507.0,63.0,51344,0.0012270177625428483,1.2270177625428482
Lyngby-Taarbæk,2004,3787.0,3783.0,4.0,51507,7.765934727318617e-05,0.07765934727318617
Lyngby-Taarbæk,2005,3675.0,3561.0,114.0,51611,0.002208831450659743,2.2088314506597433
Lyngby-Taarbæk,2006,3199.0,3485.0,-286.0,51908,-0.005509748015720121,-5.50974801572012
Lyngby-Taarbæk,2007,3053.0,3418.0,-365.0,51449,-0.007094404167233571,-7.094404167233571
Lyngby-Taarbæk,2008,3306.0,3256.0,50.0,51532,0.0009702708996351782,0.9702708996351782
Lyngby-Taarbæk,2009,3751.0,3333.0,418.0,52237,0.008001990925972011,8.001990925972011
Lyngby-Taarbæk,2010,3867.0,3459.0,408.0,52754,0.007734010691132426,7.734010691132426
Lyngby-Taarbæk,2011,3810.0,3498.0,312.0,53251,0.005859044900565247,5.859044900565247
Lyngby-Taarbæk,2012,4048.0,3758.0,290.0,53840,0.005386329866270431,5.38632986627043
Lyngby-Taarbæk,2013,4133.0,3949.0,184.0,54237,0.0033925180227519958,3.3925180227519958
Lyngby-Taarbæk,2014,4068.0,3893.0,175.0,54778,0.0031947132060316185,3.1947132060316186
Lyngby-Taarbæk,2015,4447.0,4469.0,-22.0,55097,-0.00039929578742944265,-0.39929578742944266
Lyngby-Taarbæk,2016,4136.0,4360.0,-224.0,55240,-0.004055032585083273,-4.055032585083273
Lyngby-Taarbæk,2017,4360.0,4343.0,17.0,55472,0.00030646091721949815,0.30646091721949814
Lyngby-Taarbæk,2018,4491.0,4316.0,175.0,55790,0.003136762860727729,3.136762860727729
Lyngby-Taarbæk,2019,4513.0,4168.0,345.0,56214,0.006137261180488846,6.137261180488846
Lyngby-Taarbæk,2020,4623.0,4536.0,87.0,56614,0.0015367223654926343,1.5367223654926343
Lyngby-Taarbæk,2021,4992.0,4861.0,131.0,57826,0.002265416940476602,2.265416940476602
Lyngby-Taarbæk,2022,4079.0,4599.0,-520.0,58434,-0.008898928705890406,-8.898928705890405
Lyngby-Taarbæk,2023,4466.0,5070.0,-604.0,58538,-0.010318083979637158,-10.318083979637159
Lyngby-Taarbæk,2024,4109.0,4792.0,-683.0,58713,-0.011632858140445897,-11.632858140445897
Lyngby-Taarbæk,2025,4487.0,5049.0,-562.0,58614,-0.009588153000989525,-9.588153000989525
Læsø,1992,112.0,91.0,21.0,2453,0.008560945780676722,8.560945780676722
Læsø,1993,89.0,87.0,2.0,2453,0.0008153281695882593,0.8153281695882593
Læsø,1994,88.0,132.0,-44.0,2442,-0.018018018018018018,-18.01801801801802
Læsø,1995,120.0,130.0,-10.0,2388,-0.0041876046901172526,-4.187604690117253
Læsø,1996,90.0,108.0,-18.0,2381,-0.007559848803023939,-7.5598488030239395
Læsø,1997,104.0,110.0,-6.0,2362,-0.002540220152413209,-2.540220152413209
Læsø,1998,109.0,155.0,-46.0,2351,-0.019566142067205444,-19.566142067205444
Læsø,1999,121.0,112.0,9.0,2282,0.003943908851884312,3.9439088518843115
Læsø,2000,104.0,117.0,-13.0,2293,-0.0056694286960314,-5.6694286960313995
Læsø,2001,111.0,76.0,35.0,2266,0.015445719329214475,15.445719329214475
Læsø,2002,100.0,126.0,-26.0,2268,-0.01146384479717813,-11.46384479717813
Læsø,2003,78.0,110.0,-32.0,2228,-0.01436265709156194,-14.362657091561939
Læsø,2004,94.0,117.0,-23.0,2177,-0.010564997703261369,-10.564997703261369
Læsø,2005,85.0,129.0,-44.0,2145,-0.020512820512820513,-20.512820512820515
Læsø,2006,104.0,123.0,-19.0,2091,-0.009086561453849833,-9.086561453849832
Læsø,2007,84.0,107.0,-23.0,2003,-0.011482775836245632,-11.482775836245633
Læsø,2008,99.0,99.0,0.0,1993,0.0,0.0
Læsø,2009,80.0,87.0,-7.0,1969,-0.0035551041137633316,-3.5551041137633317
Læsø,2010,82.0,90.0,-8.0,1949,-0.004104669061056952,-4.104669061056952
Læsø,2011,54.0,87.0,-33.0,1897,-0.01739588824459673,-17.39588824459673
Læsø,2012,75.0,105.0,-30.0,1839,-0.01631321370309951,-16.31321370309951
Læsø,2013,104.0,127.0,-23.0,1808,-0.012721238938053098,-12.721238938053098
Læsø,2014,107.0,85.0,22.0,1795,0.012256267409470752,12.256267409470752
Læsø,2015,115.0,89.0,26.0,1817,0.014309301045679693,14.309301045679693
Læsø,2016,81.0,90.0,-9.0,1793,-0.0050195203569436695,-5.019520356943669
Læsø,2017,110.0,88.0,22.0,1807,0.012174875484228001,12.174875484228002
Læsø,2018,104.0,99.0,5.0,1806,0.0027685492801771874,2.7685492801771874
Læsø,2019,106.0,105.0,1.0,1786,0.0005599104143337066,0.5599104143337066
Læsø,2020,102.0,114.0,-12.0,1764,-0.006802721088435374,-6.802721088435374
Læsø,2021,128.0,112.0,16.0,1769,0.009044657998869417,9.044657998869416
Læsø,2022,103.0,62.0,41.0,1789,0.022917831190609278,22.917831190609277
Læsø,2023,65.0,80.0,-15.0,1759,-0.008527572484366117,-8.527572484366118
Læsø,2024,80.0,93.0,-13.0,1719,-0.0075625363583478765,-7.562536358347876
Læsø,2025,78.0,80.0,-2.0,1683,-0.0011883541295306002,-1.1883541295306002
Mariagerfjord,1992,1947.0,1895.0,52.0,54380,0.0009562339095255609,0.9562339095255609
Mariagerfjord,1993,1795.0,1830.0,-35.0,54535,-0.0006417896763546347,-0.6417896763546347
Mariagerfjord,1994,2124.0,2128.0,-4.0,54661,-7.31783172645945e-05,-0.0731783172645945
Mariagerfjord,1995,2217.0,2100.0,117.0,54739,0.0021374157364950036,2.1374157364950035
Mariagerfjord,1996,2267.0,2188.0,79.0,55302,0.0014285197642038264,1.4285197642038263
Mariagerfjord,1997,2270.0,2111.0,159.0,55580,0.0028607412738395105,2.8607412738395106
Mariagerfjord,1998,2293.0,2194.0,99.0,55699,0.0017774107255067416,1.7774107255067415
Mariagerfjord,1999,2234.0,2281.0,-47.0,55752,-0.0008430190845171474,-0.8430190845171474
Mariagerfjord,2000,2099.0,2126.0,-27.0,55843,-0.0004834983793850617,-0.4834983793850617
Mariagerfjord,2001,2086.0,2072.0,14.0,56008,0.00024996429081559777,0.24996429081559776
Mariagerfjord,2002,2122.0,2026.0,96.0,56166,0.0017092191005234484,1.7092191005234485
Mariagerfjord,2003,2135.0,2198.0,-63.0,56315,-0.0011187072715972653,-1.1187072715972652
Mariagerfjord,2004,2269.0,2228.0,41.0,56215,0.0007293427021257672,0.7293427021257671
Mariagerfjord,2005,2277.0,2217.0,60.0,56245,0.0010667614899102142,1.0667614899102142
Mariagerfjord,2006,2258.0,2204.0,54.0,56201,0.0009608369957829931,0.9608369957829931
Mariagerfjord,2007,2291.0,2093.0,198.0,42667,0.0046405887454004265,4.640588745400427
Mariagerfjord,2008,2099.0,2174.0,-75.0,42762,-0.0017538936438894345,-1.7538936438894344
Mariagerfjord,2009,1906.0,2047.0,-141.0,42604,-0.0033095483992113418,-3.3095483992113417
Mariagerfjord,2010,1888.0,2000.0,-112.0,42572,-0.002630837169970873,-2.630837169970873
Mariagerfjord,2011,1936.0,2155.0,-219.0,42429,-0.005161564024605812,-5.161564024605812
Mariagerfjord,2012,1884.0,2168.0,-284.0,42111,-0.0067440811189475435,-6.744081118947544
Mariagerfjord,2013,1929.0,2116.0,-187.0,42093,-0.004442543890908227,-4.442543890908227
Mariagerfjord,2014,2028.0,2095.0,-67.0,42134,-0.0015901647125836616,-1.5901647125836615
Mariagerfjord,2015,1996.0,2173.0,-177.0,42131,-0.004201182027485699,-4.201182027485699
Mariagerfjord,2016,1977.0,2109.0,-132.0,42066,-0.0031379261161032664,-3.1379261161032663
Mariagerfjord,2017,2219.0,2277.0,-58.0,42125,-0.0013768545994065282,-1.3768545994065282
Mariagerfjord,2018,2091.0,2164.0,-73.0,42055,-0.0017358221376768518,-1.735822137676852
Mariagerfjord,2019,2047.0,2313.0,-266.0,41800,-0.006363636363636364,-6.363636363636364
Mariagerfjord,2020,2076.0,2323.0,-247.0,41536,-0.005946648690292758,-5.946648690292759
Mariagerfjord,2021,2374.0,2243.0,131.0,41662,0.0031443521674427537,3.1443521674427535
Mariagerfjord,2022,2105.0,2174.0,-69.0,41859,-0.001648391027019279,-1.6483910270192792
Mariagerfjord,2023,1882.0,1941.0,-59.0,41762,-0.0014127675877592069,-1.412767587759207
Mariagerfjord,2024,1865.0,2023.0,-158.0,41606,-0.0037975292025188676,-3.7975292025188674
Mariagerfjord,2025,2046.0,2107.0,-61.0,41541,-0.0014684287812041115,-1.4684287812041115
Middelfart,1992,1855.0,1913.0,-58.0,33704,-0.0017208639924044624,-1.7208639924044624
Middelfart,1993,1825.0,1710.0,115.0,33679,0.0034145906944980553,3.4145906944980555
Middelfart,1994,2206.0,2038.0,168.0,33722,0.004981910918688097,4.981910918688097
Middelfart,1995,2154.0,2079.0,75.0,33935,0.00221010755856785,2.21010755856785
Middelfart,1996,2217.0,2166.0,51.0,34097,0.0014957327624131155,1.4957327624131156
Middelfart,1997,2220.0,2137.0,83.0,34351,0.0024162324240924573,2.416232424092457
Middelfart,1998,2031.0,1903.0,128.0,34616,0.0036977120406748326,3.6977120406748325
Middelfart,1999,2170.0,2054.0,116.0,34805,0.003332854474931763,3.332854474931763
Middelfart,2000,2123.0,2061.0,62.0,34974,0.001772745468061989,1.772745468061989
Middelfart,2001,2074.0,1966.0,108.0,35167,0.003071060937811016,3.071060937811016
Middelfart,2002,2156.0,1943.0,213.0,35370,0.006022052586938083,6.022052586938083
Middelfart,2003,2202.0,2080.0,122.0,35587,0.0034282181695562985,3.4282181695562985
Middelfart,2004,2374.0,2143.0,231.0,35759,0.006459912189938197,6.459912189938197
Middelfart,2005,2360.0,2123.0,237.0,36113,0.006562733641624899,6.5627336416249
Middelfart,2006,1970.0,1644.0,326.0,36417,0.008951863140840816,8.951863140840816
Middelfart,2007,1898.0,1561.0,337.0,37274,0.0090411546922788,9.0411546922788
Middelfart,2008,1768.0,1568.0,200.0,37625,0.0053156146179402,5.3156146179401995
Middelfart,2009,1618.0,1560.0,58.0,37661,0.0015400546984944638,1.5400546984944639
Middelfart,2010,1566.0,1573.0,-7.0,37701,-0.0001856714676003289,-0.1856714676003289
Middelfart,2011,1533.0,1661.0,-128.0,37612,-0.003403169201318728,-3.403169201318728
Middelfart,2012,1597.0,1699.0,-102.0,37523,-0.002718332755909709,-2.718332755909709
Middelfart,2013,1656.0,1591.0,65.0,37685,0.0017248242006103224,1.7248242006103225
Middelfart,2014,1751.0,1687.0,64.0,37857,0.0016905724172544046,1.6905724172544045
Middelfart,2015,1707.0,1840.0,-133.0,37913,-0.003508031545907736,-3.5080315459077362
Middelfart,2016,1824.0,1682.0,142.0,38093,0.003727719003491455,3.727719003491455
Middelfart,2017,1838.0,1769.0,69.0,38210,0.001805809997382884,1.805809997382884
Middelfart,2018,2082.0,1778.0,304.0,38553,0.007885248878167717,7.885248878167717
Middelfart,2019,2263.0,1792.0,471.0,38853,0.012122616014207397,12.122616014207397
Middelfart,2020,2182.0,1982.0,200.0,39116,0.005112997238981491,5.112997238981491
Middelfart,2021,2509.0,2101.0,408.0,39603,0.010302249829558368,10.302249829558368
Middelfart,2022,2240.0,2049.0,191.0,39961,0.004779660168664448,4.7796601686644475
Middelfart,2023,2232.0,2017.0,215.0,40158,0.005353852283480253,5.353852283480253
Middelfart,2024,2140.0,1952.0,188.0,40318,0.004662929708814921,4.6629297088149215
Middelfart,2025,2230.0,1939.0,291.0,40625,0.007163076923076923,7.163076923076923
Morsø,1992,674.0,828.0,-154.0,23473,-0.0065607293486133,-6.5607293486133
Morsø,1993,685.0,800.0,-115.0,23361,-0.00492273447198322,-4.92273447198322
Morsø,1994,722.0,786.0,-64.0,23219,-0.0027563633231405316,-2.7563633231405316
Morsø,1995,803.0,804.0,-1.0,23142,-4.321147696828278e-05,-0.04321147696828278
Morsø,1996,713.0,857.0,-144.0,23133,-0.006224873557255868,-6.224873557255868
Morsø,1997,825.0,789.0,36.0,23028,0.001563314226159458,1.563314226159458
Morsø,1998,846.0,896.0,-50.0,23062,-0.0021680686844159224,-2.1680686844159225
Morsø,1999,827.0,841.0,-14.0,23034,-0.0006077971694017539,-0.6077971694017539
Morsø,2000,740.0,858.0,-118.0,22989,-0.0051328896428726786,-5.132889642872678
Morsø,2001,779.0,883.0,-104.0,22806,-0.00456020345523108,-4.56020345523108
Morsø,2002,784.0,764.0,20.0,22666,0.0008823788934968676,0.8823788934968676
Morsø,2003,747.0,774.0,-27.0,22672,-0.0011908962597035992,-1.1908962597035992
Morsø,2004,781.0,877.0,-96.0,22636,-0.00424103198444955,-4.24103198444955
Morsø,2005,792.0,891.0,-99.0,22479,-0.00440411050313626,-4.40411050313626
Morsø,2006,807.0,921.0,-114.0,22333,-0.005104553799310438,-5.1045537993104375
Morsø,2007,793.0,971.0,-178.0,22091,-0.008057580009958806,-8.057580009958807
Morsø,2008,767.0,853.0,-86.0,22098,-0.0038917549099466014,-3.8917549099466013
Morsø,2009,655.0,851.0,-196.0,21833,-0.008977236293683874,-8.977236293683873
Morsø,2010,611.0,816.0,-205.0,21600,-0.00949074074074074,-9.49074074074074
Morsø,2011,590.0,744.0,-154.0,21474,-0.007171463164757381,-7.171463164757381
Morsø,2012,556.0,780.0,-224.0,21189,-0.010571522960026428,-10.571522960026428
Morsø,2013,629.0,772.0,-143.0,21003,-0.006808551159358187,-6.808551159358187
Morsø,2014,616.0,785.0,-169.0,20816,-0.008118754803996925,-8.118754803996925
Morsø,2015,646.0,898.0,-252.0,20629,-0.012215812690872073,-12.215812690872072
Morsø,2016,728.0,762.0,-34.0,20665,-0.0016452939753205903,-1.6452939753205902
Morsø,2017,660.0,785.0,-125.0,20514,-0.0060933996295213025,-6.093399629521302
Morsø,2018,665.0,738.0,-73.0,20403,-0.0035779052100181345,-3.5779052100181343
Morsø,2019,688.0,758.0,-70.0,20247,-0.003457302316392552,-3.457302316392552
Morsø,2020,755.0,850.0,-95.0,20066,-0.00473437655736071,-4.73437655736071
Morsø,2021,773.0,748.0,25.0,20068,0.001245764401036476,1.2457644010364761
Morsø,2022,714.0,860.0,-146.0,19927,-0.007326742610528429,-7.326742610528429
Morsø,2023,654.0,742.0,-88.0,19734,-0.004459308807134894,-4.459308807134894
Morsø,2024,635.0,736.0,-101.0,19520,-0.005174180327868852,-5.174180327868853
Morsø,2025,633.0,768.0,-135.0,19344,-0.006978908188585608,-6.978908188585608
Norddjurs,1992,2209.0,2259.0,-50.0,34062,-0.0014679114555809993,-1.4679114555809993
Norddjurs,1993,2216.0,2171.0,45.0,34140,0.0013181019332161687,1.3181019332161688
Norddjurs,1994,2335.0,2431.0,-96.0,34294,-0.0027993234968216015,-2.7993234968216014
Norddjurs,1995,2553.0,2534.0,19.0,34386,0.0005525504565811667,0.5525504565811667
Norddjurs,1996,2809.0,2845.0,-36.0,34864,-0.0010325837540156035,-1.0325837540156035
Norddjurs,1997,2672.0,2778.0,-106.0,35076,-0.003022009351123275,-3.022009351123275
Norddjurs,1998,2597.0,2622.0,-25.0,35139,-0.0007114602009163607,-0.7114602009163608
Norddjurs,1999,2635.0,2648.0,-13.0,35115,-0.00037021216004556455,-0.37021216004556456
Norddjurs,2000,2416.0,2600.0,-184.0,35028,-0.005252940504739066,-5.252940504739066
Norddjurs,2001,2494.0,2722.0,-228.0,34861,-0.006540259889274548,-6.540259889274548
Norddjurs,2002,2394.0,2406.0,-12.0,34680,-0.00034602076124567473,-0.3460207612456747
Norddjurs,2003,2627.0,2586.0,41.0,34481,0.0011890606420927466,1.1890606420927465
Norddjurs,2004,2613.0,2658.0,-45.0,34522,-0.0013035165981113493,-1.3035165981113492
Norddjurs,2005,2849.0,2618.0,231.0,34382,0.006718631842243034,6.718631842243034
Norddjurs,2006,1880.0,1910.0,-30.0,34435,-0.0008712066211703209,-0.8712066211703209
Norddjurs,2007,1828.0,1644.0,184.0,38581,0.004769186905471606,4.769186905471606
Norddjurs,2008,1659.0,1850.0,-191.0,38390,-0.0049752539723886425,-4.975253972388643
Norddjurs,2009,1466.0,1728.0,-262.0,38148,-0.006867987836845968,-6.867987836845968
Norddjurs,2010,1684.0,1716.0,-32.0,38029,-0.0008414630939546136,-0.8414630939546136
Norddjurs,2011,1605.0,1764.0,-159.0,37876,-0.004197908966099905,-4.197908966099905
Norddjurs,2012,1823.0,1704.0,119.0,38035,0.003128697252530564,3.128697252530564
Norddjurs,2013,1803.0,1961.0,-158.0,37925,-0.004166117336849044,-4.166117336849044
Norddjurs,2014,1787.0,1817.0,-30.0,37898,-0.000791598501240171,-0.7915985012401711
Norddjurs,2015,2003.0,1944.0,59.0,38144,0.0015467701342281879,1.5467701342281879
Norddjurs,2016,2045.0,2153.0,-108.0,38099,-0.00283472007139295,-2.83472007139295
Norddjurs,2017,1929.0,2046.0,-117.0,38197,-0.003063067780192162,-3.0630677801921617
Norddjurs,2018,1715.0,2123.0,-408.0,37680,-0.010828025477707006,-10.828025477707005
Norddjurs,2019,1901.0,2240.0,-339.0,37089,-0.009140176332605355,-9.140176332605355
Norddjurs,2020,1934.0,1927.0,7.0,36943,0.00018948109249384187,0.18948109249384187
Norddjurs,2021,1941.0,2112.0,-171.0,36921,-0.0046315105224668885,-4.631510522466889
Norddjurs,2022,1720.0,1943.0,-223.0,36978,-0.0060306127967980966,-6.0306127967980965
Norddjurs,2023,1623.0,1699.0,-76.0,36773,-0.002066733744867158,-2.066733744867158
Norddjurs,2024,1612.0,1600.0,12.0,36658,0.0003273501009329478,0.32735010093294775
Norddjurs,2025,1562.0,1761.0,-199.0,36477,-0.005455492502124627,-5.455492502124627
Nordfyns,1992,1830.0,1817.0,13.0,27918,0.0004656494018196146,0.46564940181961456
Nordfyns,1993,1647.0,1650.0,-3.0,27950,-0.0001073345259391771,-0.1073345259391771
Nordfyns,1994,1660.0,1792.0,-132.0,27966,-0.004720017163698777,-4.720017163698777
Nordfyns,1995,1857.0,1917.0,-60.0,27854,-0.0021540891792920227,-2.154089179292023
Nordfyns,1996,2051.0,1944.0,107.0,28060,0.003813257305773343,3.8132573057733428
Nordfyns,1997,1700.0,1813.0,-113.0,28230,-0.004002833864682961,-4.0028338646829615
Nordfyns,1998,1716.0,1718.0,-2.0,28166,-7.100759781296599e-05,-0.07100759781296599
Nordfyns,1999,1742.0,1737.0,5.0,28213,0.00017722326587034346,0.17722326587034345
Nordfyns,2000,1657.0,1559.0,98.0,28265,0.0034671855651866265,3.4671855651866266
Nordfyns,2001,1535.0,1604.0,-69.0,28448,-0.002425478065241845,-2.425478065241845
Nordfyns,2002,1534.0,1589.0,-55.0,28438,-0.0019340319291089388,-1.9340319291089387
Nordfyns,2003,1782.0,1668.0,114.0,28422,0.004010977411864049,4.010977411864049
Nordfyns,2004,1920.0,1856.0,64.0,28545,0.0022420739183744965,2.2420739183744964
Nordfyns,2005,1895.0,1809.0,86.0,28655,0.0030012214273250743,3.001221427325074
Nordfyns,2006,1745.0,1494.0,251.0,28876,0.00869233965923258,8.69233965923258
Nordfyns,2007,1711.0,1548.0,163.0,29470,0.005531048523922633,5.531048523922633
Nordfyns,2008,1438.0,1457.0,-19.0,29651,-0.0006407878317763313,-0.6407878317763313
Nordfyns,2009,1272.0,1366.0,-94.0,29638,-0.0031716040218638234,-3.1716040218638235
Nordfyns,2010,1308.0,1402.0,-94.0,29507,-0.003185684752770529,-3.1856847527705288
Nordfyns,2011,1242.0,1467.0,-225.0,29330,-0.0076713262870780775,-7.671326287078077
Nordfyns,2012,1311.0,1482.0,-171.0,29224,-0.005851355050643307,-5.851355050643307
Nordfyns,2013,1301.0,1488.0,-187.0,29066,-0.006433633798940343,-6.433633798940343
Nordfyns,2014,1365.0,1510.0,-145.0,29030,-0.004994832931450224,-4.994832931450223
Nordfyns,2015,1585.0,1527.0,58.0,29298,0.001979657314492457,1.979657314492457
Nordfyns,2016,1607.0,1547.0,60.0,29446,0.0020376282007742988,2.0376282007742987
Nordfyns,2017,1594.0,1638.0,-44.0,29516,-0.0014907168993088494,-1.4907168993088493
Nordfyns,2018,1679.0,1556.0,123.0,29693,0.004142390462398545,4.142390462398545
Nordfyns,2019,1581.0,1669.0,-88.0,29665,-0.0029664587898196528,-2.9664587898196526
Nordfyns,2020,1569.0,1705.0,-136.0,29549,-0.004602524620122508,-4.602524620122508
Nordfyns,2021,1819.0,1687.0,132.0,29714,0.004442350407215454,4.4423504072154545
Nordfyns,2022,1702.0,1741.0,-39.0,29726,-0.0013119827760209918,-1.3119827760209917
Nordfyns,2023,1544.0,1650.0,-106.0,29610,-0.003579871664978048,-3.579871664978048
Nordfyns,2024,1370.0,1620.0,-250.0,29342,-0.008520209937972872,-8.520209937972872
Nordfyns,2025,1376.0,1593.0,-217.0,29179,-0.007436855272627575,-7.436855272627575
Nyborg,1992,1750.0,1767.0,-17.0,29645,-0.0005734525215044695,-0.5734525215044695
Nyborg,1993,1684.0,1756.0,-72.0,29798,-0.0024162695482918316,-2.4162695482918317
Nyborg,1994,1777.0,1760.0,17.0,29734,0.0005717360597296024,0.5717360597296024
Nyborg,1995,1822.0,1866.0,-44.0,29799,-0.0014765596160944998,-1.4765596160944998
Nyborg,1996,1786.0,1789.0,-3.0,30302,-9.90033661144479e-05,-0.09900336611444789
Nyborg,1997,1726.0,1747.0,-21.0,30367,-0.0006915401587249317,-0.6915401587249317
Nyborg,1998,1765.0,1781.0,-16.0,30411,-0.0005261254151458354,-0.5261254151458353
Nyborg,1999,1727.0,1789.0,-62.0,30421,-0.002038065809802439,-2.038065809802439
Nyborg,2000,1671.0,1741.0,-70.0,30361,-0.0023055894074635224,-2.3055894074635224
Nyborg,2001,1896.0,1732.0,164.0,30343,0.005404870975183732,5.404870975183733
Nyborg,2002,1783.0,1756.0,27.0,30522,0.0008846078238647533,0.8846078238647532
Nyborg,2003,2003.0,1788.0,215.0,30530,0.007042253521126761,7.042253521126761
Nyborg,2004,2127.0,1896.0,231.0,30778,0.007505360972122945,7.505360972122944
Nyborg,2005,2229.0,2012.0,217.0,31009,0.006997968331774646,6.997968331774646
Nyborg,2006,1718.0,1485.0,233.0,31208,0.007466034350166624,7.466034350166624
Nyborg,2007,1599.0,1471.0,128.0,31607,0.0040497358180149965,4.049735818014996
Nyborg,2008,1368.0,1370.0,-2.0,31714,-6.306363120388472e-05,-0.06306363120388472
Nyborg,2009,1294.0,1314.0,-20.0,31690,-0.0006311139160618492,-0.6311139160618492
Nyborg,2010,1329.0,1466.0,-137.0,31499,-0.004349344423632496,-4.349344423632496
Nyborg,2011,1394.0,1393.0,1.0,31486,3.176014736708378e-05,0.03176014736708378
Nyborg,2012,1218.0,1298.0,-80.0,31350,-0.002551834130781499,-2.5518341307814993
Nyborg,2013,1364.0,1428.0,-64.0,31314,-0.002043814268378361,-2.043814268378361
Nyborg,2014,1533.0,1363.0,170.0,31573,0.005384347385424255,5.384347385424255
Nyborg,2015,1615.0,1440.0,175.0,31886,0.005488302076146271,5.4883020761462715
Nyborg,2016,1645.0,1516.0,129.0,32142,0.004013440358409557,4.013440358409557
Nyborg,2017,1470.0,1552.0,-82.0,32032,-0.00255994005994006,-2.55994005994006
Nyborg,2018,1632.0,1571.0,61.0,32042,0.0019037513263841209,1.9037513263841208
Nyborg,2019,1647.0,1551.0,96.0,32009,0.002999156487237964,2.9991564872379644
Nyborg,2020,1736.0,1717.0,19.0,31933,0.0005949957723984593,0.5949957723984592
Nyborg,2021,1808.0,1589.0,219.0,32098,0.006822855006542464,6.822855006542464
Nyborg,2022,1768.0,1598.0,170.0,32262,0.005269357138429112,5.269357138429112
Nyborg,2023,1694.0,1628.0,66.0,32193,0.0020501351225421676,2.0501351225421676
Nyborg,2024,1730.0,1574.0,156.0,32329,0.004825388969655727,4.8253889696557275
Nyborg,2025,1629.0,1563.0,66.0,32401,0.002036974167463967,2.036974167463967
Næstved,1992,4147.0,4108.0,39.0,73311,0.0005319801939681631,0.5319801939681631
Næstved,1993,3910.0,3949.0,-39.0,73546,-0.0005302803687488103,-0.5302803687488102
Næstved,1994,4208.0,4270.0,-62.0,73668,-0.0008416137264483901,-0.8416137264483902
Næstved,1995,4198.0,4401.0,-203.0,73784,-0.0027512739889406918,-2.751273988940692
Næstved,1996,4577.0,4351.0,226.0,74096,0.0030500971712373137,3.0500971712373137
Næstved,1997,4675.0,4390.0,285.0,74368,0.0038322934595524955,3.8322934595524956
Næstved,1998,4659.0,4413.0,246.0,74704,0.0032929963589633754,3.2929963589633755
Næstved,1999,4697.0,4414.0,283.0,75072,0.0037697144075021314,3.7697144075021316
Næstved,2000,4796.0,4407.0,389.0,75337,0.005163465495042277,5.163465495042277
Næstved,2001,4801.0,4485.0,316.0,75769,0.004170571077881455,4.170571077881455
Næstved,2002,4855.0,4479.0,376.0,76226,0.004932700128565057,4.932700128565057
Næstved,2003,5209.0,4476.0,733.0,76737,0.009552106545734131,9.55210654573413
Næstved,2004,5632.0,4949.0,683.0,77529,0.00880960672780508,8.809606727805079
Næstved,2005,5857.0,5070.0,787.0,78446,0.010032378961323713,10.032378961323714
Næstved,2006,4185.0,3475.0,710.0,79284,0.008955148579789112,8.955148579789112
Næstved,2007,3762.0,3415.0,347.0,80732,0.004298171728682554,4.298171728682554
Næstved,2008,3283.0,3350.0,-67.0,80954,-0.0008276305062134052,-0.8276305062134052
Næstved,2009,3166.0,3279.0,-113.0,81112,-0.0013931354176940527,-1.3931354176940527
Næstved,2010,3138.0,3376.0,-238.0,80963,-0.0029396143917591985,-2.9396143917591986
Næstved,2011,3368.0,3412.0,-44.0,81012,-0.0005431294129264801,-0.5431294129264801
Næstved,2012,3414.0,3435.0,-21.0,81163,-0.0002587385877801461,-0.25873858778014613
Næstved,2013,3364.0,3368.0,-4.0,81432,-4.912073877591119e-05,-0.049120738775911194
Næstved,2014,3587.0,3601.0,-14.0,81687,-0.0001713858998371834,-0.1713858998371834
Næstved,2015,3844.0,3660.0,184.0,82342,0.002234582594544704,2.2345825945447038
Næstved,2016,3718.0,3794.0,-76.0,82581,-0.0009203085455492183,-0.9203085455492184
Næstved,2017,4088.0,3931.0,157.0,82938,0.001892980298536256,1.892980298536256
Næstved,2018,3937.0,3839.0,98.0,82991,0.001180850935643624,1.180850935643624
Næstved,2019,4203.0,3950.0,253.0,83143,0.0030429500980238867,3.0429500980238866
Næstved,2020,4203.0,4070.0,133.0,83181,0.0015989228309349491,1.598922830934949
Næstved,2021,4638.0,4105.0,533.0,83801,0.006360305962936003,6.360305962936002
Næstved,2022,4320.0,3898.0,422.0,84574,0.004989713150613664,4.989713150613664
Næstved,2023,4061.0,3805.0,256.0,84747,0.003020755896963904,3.0207558969639043
Næstved,2024,3857.0,3790.0,67.0,84895,0.0007892102008363272,0.7892102008363272
Næstved,2025,4002.0,3750.0,252.0,85163,0.00295903150429177,2.9590315042917696
Odder,1992,880.0,976.0,-96.0,19031,-0.005044401240081971,-5.044401240081971
Odder,1993,858.0,969.0,-111.0,18999,-0.00584241275856624,-5.84241275856624
Odder,1994,1081.0,884.0,197.0,19005,0.010365693238621415,10.365693238621414
Odder,1995,1082.0,981.0,101.0,19251,0.005246480702301179,5.246480702301179
Odder,1996,1148.0,1111.0,37.0,19469,0.001900457136987005,1.900457136987005
Odder,1997,1117.0,976.0,141.0,19547,0.007213383127845705,7.213383127845705
Odder,1998,996.0,969.0,27.0,19750,0.0013670886075949366,1.3670886075949367
Odder,1999,1065.0,1037.0,28.0,19768,0.00141643059490085,1.41643059490085
Odder,2000,1149.0,1026.0,123.0,19901,0.0061805939400030145,6.180593940003014
Odder,2001,1052.0,873.0,179.0,20156,0.008880730303631673,8.880730303631674
Odder,2002,1090.0,881.0,209.0,20396,0.010247107275936458,10.247107275936457
Odder,2003,1008.0,924.0,84.0,20728,0.004052489386337322,4.052489386337322
Odder,2004,1246.0,1051.0,195.0,20863,0.009346690312994297,9.346690312994296
Odder,2005,1152.0,1066.0,86.0,21133,0.0040694648180570675,4.069464818057067
Odder,2006,1028.0,956.0,72.0,21332,0.003375210950684418,3.375210950684418
Odder,2007,1044.0,1039.0,5.0,21562,0.00023188943511733606,0.23188943511733606
Odder,2008,949.0,1018.0,-69.0,21593,-0.0031954800166720696,-3.19548001667207
Odder,2009,934.0,876.0,58.0,21721,0.0026702269692923898,2.67022696929239
Odder,2010,963.0,916.0,47.0,21852,0.0021508328757093172,2.1508328757093174
Odder,2011,1011.0,1155.0,-144.0,21749,-0.006620994068692813,-6.620994068692814
Odder,2012,1035.0,1034.0,1.0,21800,4.587155963302752e-05,0.045871559633027525
Odder,2013,1004.0,1041.0,-37.0,21773,-0.0016993524089468609,-1.6993524089468608
Odder,2014,1044.0,976.0,68.0,21928,0.003101058008026268,3.1010580080262677
Odder,2015,1195.0,1166.0,29.0,22131,0.0013103791062310786,1.3103791062310786
Odder,2016,1234.0,1198.0,36.0,22331,0.001612108727777529,1.612108727777529
Odder,2017,1424.0,1168.0,256.0,22626,0.01131441704234067,11.31441704234067
Odder,2018,1318.0,1302.0,16.0,22675,0.0007056229327453142,0.7056229327453142
Odder,2019,1357.0,1224.0,133.0,22844,0.005822097706181054,5.8220977061810535
Odder,2020,1417.0,1331.0,86.0,22979,0.0037425475434091997,3.7425475434092
Odder,2021,1550.0,1261.0,289.0,23304,0.012401304497082046,12.401304497082046
Odder,2022,1355.0,1169.0,186.0,23626,0.007872682637771947,7.872682637771947
Odder,2023,1376.0,1076.0,300.0,23896,0.012554402410445262,12.554402410445261
Odder,2024,1192.0,1002.0,190.0,24083,0.00788938255200764,7.88938255200764
Odder,2025,1329.0,1139.0,190.0,24310,0.00781571369806664,7.81571369806664
Odense,1992,8232.0,8007.0,225.0,179487,0.0012535726821441106,1.2535726821441107
Odense,1993,7995.0,7943.0,52.0,180799,0.0002876122102445257,0.2876122102445257
Odense,1994,8662.0,8745.0,-83.0,181824,-0.00045648539246744105,-0.4564853924674411
Odense,1995,8779.0,9291.0,-512.0,182617,-0.0028036820230318096,-2.8036820230318096
Odense,1996,8984.0,9398.0,-414.0,183564,-0.00225534418513434,-2.25534418513434
Odense,1997,8348.0,9115.0,-767.0,184146,-0.004165173286414041,-4.165173286414041
Odense,1998,8410.0,9428.0,-1018.0,184224,-0.005525881535521973,-5.525881535521973
Odense,1999,8668.0,9110.0,-442.0,183584,-0.0024076172215443613,-2.407617221544361
Odense,2000,8306.0,9245.0,-939.0,183912,-0.005105702727391361,-5.10570272739136
Odense,2001,8293.0,8866.0,-573.0,183691,-0.003119368940231149,-3.119368940231149
Odense,2002,8648.0,8408.0,240.0,183628,0.0013069902193565252,1.3069902193565253
Odense,2003,8902.0,8569.0,333.0,184308,0.0018067582524903965,1.8067582524903965
Odense,2004,9096.0,8867.0,229.0,185206,0.0012364610217811519,1.2364610217811518
Odense,2005,9317.0,9246.0,71.0,185871,0.0003819853554346832,0.3819853554346832
Odense,2006,8922.0,9782.0,-860.0,186595,-0.004608912350277339,-4.608912350277339
Odense,2007,8861.0,9664.0,-803.0,186932,-0.00429567971240879,-4.29567971240879
Odense,2008,8660.0,8901.0,-241.0,187929,-0.001282399203954685,-1.282399203954685
Odense,2009,8417.0,8538.0,-121.0,188777,-0.0006409679145234854,-0.6409679145234853
Odense,2010,9065.0,8570.0,495.0,190245,0.0026019080659150044,2.6019080659150045
Odense,2011,9444.0,8904.0,540.0,191610,0.0028182245185533112,2.8182245185533112
Odense,2012,9570.0,8888.0,682.0,193370,0.003526917308786265,3.526917308786265
Odense,2013,10208.0,9155.0,1053.0,195797,0.005378019070772279,5.378019070772279
Odense,2014,9952.0,9789.0,163.0,197480,0.0008254000405104314,0.8254000405104314
Odense,2015,10425.0,10609.0,-184.0,198972,-0.0009247532316104778,-0.9247532316104778
Odense,2016,10487.0,10526.0,-39.0,200563,-0.00019445261588628011,-0.1944526158862801
Odense,2017,10650.0,10420.0,230.0,202348,0.0011366556625219918,1.1366556625219917
Odense,2018,10570.0,10544.0,26.0,204182,0.00012733737547873956,0.12733737547873955
Odense,2019,10899.0,10691.0,208.0,204895,0.0010151541033212132,1.0151541033212133
Odense,2020,11752.0,11320.0,432.0,205509,0.0021020977183481017,2.1020977183481016
Odense,2021,11163.0,12187.0,-1024.0,205978,-0.004971404713124703,-4.971404713124703
Odense,2022,10895.0,11196.0,-301.0,207762,-0.00144877311539165,-1.44877311539165
Odense,2023,10692.0,10546.0,146.0,209078,0.0006983039822458604,0.6983039822458604
Odense,2024,10575.0,10354.0,221.0,210803,0.0010483721768665532,1.0483721768665533
Odense,2025,10811.0,10417.0,394.0,213168,0.001848307438264655,1.848307438264655
Odsherred,1992,2097.0,1919.0,178.0,30294,0.00587575097379019,5.87575097379019
Odsherred,1993,2127.0,2009.0,118.0,30532,0.003864797589414385,3.864797589414385
Odsherred,1994,2442.0,2246.0,196.0,30731,0.006377924571279815,6.377924571279816
Odsherred,1995,2417.0,2259.0,158.0,30963,0.005102864709491974,5.102864709491974
Odsherred,1996,2391.0,2356.0,35.0,31193,0.0011220466130221524,1.1220466130221525
Odsherred,1997,2451.0,2241.0,210.0,31405,0.006686833306798281,6.686833306798281
Odsherred,1998,2342.0,2168.0,174.0,31553,0.005514531106392419,5.514531106392419
Odsherred,1999,2407.0,2199.0,208.0,31731,0.00655510384166903,6.55510384166903
Odsherred,2000,2489.0,2331.0,158.0,32011,0.004935803317609571,4.9358033176095715
Odsherred,2001,2385.0,2157.0,228.0,32188,0.0070833851124642725,7.083385112464272
Odsherred,2002,2426.0,2232.0,194.0,32329,0.006000804231494942,6.000804231494942
Odsherred,2003,2509.0,2389.0,120.0,32452,0.0036977690126956736,3.6977690126956735
Odsherred,2004,2639.0,2313.0,326.0,32489,0.01003416540983102,10.034165409831019
Odsherred,2005,2582.0,2314.0,268.0,32739,0.008185955588136474,8.185955588136473
Odsherred,2006,1903.0,1690.0,213.0,32890,0.006476132563089085,6.4761325630890845
Odsherred,2007,1823.0,1589.0,234.0,33129,0.007063298016843249,7.063298016843249
Odsherred,2008,1616.0,1567.0,49.0,33159,0.001477728520160439,1.477728520160439
Odsherred,2009,1521.0,1508.0,13.0,33030,0.0003935815924916742,0.39358159249167424
Odsherred,2010,1547.0,1619.0,-72.0,32845,-0.002192114477089359,-2.1921144770893592
Odsherred,2011,1594.0,1657.0,-63.0,32640,-0.0019301470588235295,-1.9301470588235294
Odsherred,2012,1558.0,1594.0,-36.0,32452,-0.001109330703808702,-1.1093307038087021
Odsherred,2013,1723.0,1517.0,206.0,32534,0.006331837462347083,6.3318374623470834
Odsherred,2014,1805.0,1665.0,140.0,32665,0.0042859329557630495,4.28593295576305
Odsherred,2015,1890.0,1826.0,64.0,32816,0.0019502681618722574,1.9502681618722573
Odsherred,2016,1936.0,1732.0,204.0,33023,0.0061775126427035705,6.1775126427035705
Odsherred,2017,1964.0,1739.0,225.0,33083,0.006801076081371097,6.801076081371097
Odsherred,2018,1954.0,1771.0,183.0,33122,0.005525028681842884,5.525028681842884
Odsherred,2019,1909.0,1859.0,50.0,32957,0.0015171283794034652,1.5171283794034651
Odsherred,2020,2124.0,1994.0,130.0,32923,0.003948607356559245,3.9486073565592448
Odsherred,2021,2370.0,2196.0,174.0,32881,0.005291809859797452,5.291809859797452
Odsherred,2022,2106.0,1908.0,198.0,32977,0.006004184734815174,6.0041847348151745
Odsherred,2023,1788.0,1919.0,-131.0,32605,-0.004017788682717374,-4.0177886827173745
Odsherred,2024,1696.0,1828.0,-132.0,32225,-0.004096198603568658,-4.096198603568658
Odsherred,2025,1977.0,1944.0,33.0,31988,0.0010316368638239339,1.031636863823934
Randers,1992,4316.0,4594.0,-278.0,95037,-0.00292517651020129,-2.92517651020129
Randers,1993,4415.0,4430.0,-15.0,94858,-0.00015813110122498894,-0.15813110122498894
Randers,1994,4769.0,5017.0,-248.0,94853,-0.002614572021970839,-2.6145720219708393
Randers,1995,5096.0,4954.0,142.0,94795,0.001497969302178385,1.497969302178385
Randers,1996,5068.0,5091.0,-23.0,95573,-0.00024065374111935378,-0.24065374111935378
Randers,1997,5095.0,5361.0,-266.0,95897,-0.002773809399668394,-2.7738093996683943
Randers,1998,4971.0,5192.0,-221.0,95869,-0.0023052290104204694,-2.3052290104204696
Randers,1999,4995.0,5092.0,-97.0,95804,-0.0010124838211348168,-1.0124838211348168
Randers,2000,4715.0,4796.0,-81.0,95724,-0.0008461827754795035,-0.8461827754795035
Randers,2001,4686.0,4863.0,-177.0,95936,-0.0018449799866577718,-1.8449799866577719
Randers,2002,4466.0,4612.0,-146.0,96064,-0.0015198201199200533,-1.5198201199200534
Randers,2003,4771.0,5032.0,-261.0,96118,-0.0027154123057075677,-2.715412305707568
Randers,2004,5179.0,5123.0,56.0,96079,0.0005828536933148763,0.5828536933148762
Randers,2005,5630.0,5405.0,225.0,96409,0.0023338070097190097,2.33380700971901
Randers,2006,3917.0,3651.0,266.0,96999,0.002742296312333117,2.7422963123331168
Randers,2007,3813.0,3480.0,333.0,93644,0.003556020674042117,3.556020674042117
Randers,2008,3558.0,3237.0,321.0,94221,0.0034068838157098737,3.4068838157098735
Randers,2009,3458.0,3179.0,279.0,94750,0.002944591029023747,2.944591029023747
Randers,2010,3471.0,3209.0,262.0,95318,0.0027486938458633208,2.7486938458633206
Randers,2011,3626.0,3411.0,215.0,95756,0.0022452901123689376,2.2452901123689375
Randers,2012,3595.0,3549.0,46.0,96007,0.0004791317299780224,0.4791317299780224
Randers,2013,3740.0,3614.0,126.0,96343,0.0013078272422490478,1.3078272422490478
Randers,2014,3843.0,3751.0,92.0,96800,0.0009504132231404959,0.9504132231404959
Randers,2015,4124.0,4041.0,83.0,97520,0.0008511074651353568,0.8511074651353568
Randers,2016,4181.0,3981.0,200.0,98118,0.0020383619723190445,2.0383619723190445
Randers,2017,4012.0,4136.0,-124.0,98265,-0.0012618938584440034,-1.2618938584440034
Randers,2018,3851.0,4138.0,-287.0,97909,-0.0029312933438192606,-2.9312933438192608
Randers,2019,4167.0,4157.0,10.0,97805,0.00010224426154082102,0.10224426154082102
Randers,2020,4328.0,4247.0,81.0,98190,0.0008249312557286893,0.8249312557286893
Randers,2021,4700.0,4261.0,439.0,98988,0.004434880995676243,4.434880995676243
Randers,2022,4485.0,4013.0,472.0,99931,0.004723259048743633,4.723259048743633
Randers,2023,4011.0,3841.0,170.0,99974,0.001700442114949887,1.700442114949887
Randers,2024,3909.0,3796.0,113.0,100356,0.0011259914703654987,1.1259914703654987
Randers,2025,3863.0,3817.0,46.0,100564,0.00045742015035201463,0.4574201503520146
Rebild,1992,1606.0,1617.0,-11.0,21681,-0.0005073566717402334,-0.5073566717402334
Rebild,1993,1556.0,1675.0,-119.0,21743,-0.00547302580140735,-5.473025801407349
Rebild,1994,1658.0,1842.0,-184.0,21671,-0.008490609570393614,-8.490609570393614
Rebild,1995,1733.0,1809.0,-76.0,21591,-0.0035199851790097725,-3.5199851790097725
Rebild,1996,1703.0,1933.0,-230.0,21836,-0.010533064663857849,-10.533064663857848
Rebild,1997,1777.0,1850.0,-73.0,21835,-0.003343256239981681,-3.343256239981681
Rebild,1998,1808.0,1861.0,-53.0,21987,-0.0024105153044981127,-2.4105153044981127
Rebild,1999,1860.0,1862.0,-2.0,22090,-9.053870529651426e-05,-0.09053870529651425
Rebild,2000,1799.0,1785.0,14.0,22203,0.0006305454217898482,0.6305454217898482
Rebild,2001,1795.0,1794.0,1.0,22319,4.480487477037502e-05,0.04480487477037502
Rebild,2002,1746.0,1816.0,-70.0,22503,-0.003110696351597565,-3.1106963515975647
Rebild,2003,1753.0,1792.0,-39.0,22621,-0.0017240617125679678,-1.7240617125679678
Rebild,2004,1949.0,1861.0,88.0,22701,0.003876481212281397,3.876481212281397
Rebild,2005,1796.0,1924.0,-128.0,22892,-0.005591473003669404,-5.591473003669404
Rebild,2006,1839.0,1767.0,72.0,22882,0.003146578096320252,3.1465780963202516
Rebild,2007,1671.0,1704.0,-33.0,28753,-0.0011477063262963865,-1.1477063262963865
Rebild,2008,1520.0,1624.0,-104.0,28900,-0.0035986159169550174,-3.5986159169550174
Rebild,2009,1405.0,1515.0,-110.0,28852,-0.0038125606543740467,-3.812560654374047
Rebild,2010,1462.0,1500.0,-38.0,28940,-0.0013130615065653076,-1.3130615065653077
Rebild,2011,1445.0,1544.0,-99.0,28911,-0.0034243021687247067,-3.4243021687247066
Rebild,2012,1402.0,1544.0,-142.0,28866,-0.004919282200512714,-4.919282200512714
Rebild,2013,1370.0,1517.0,-147.0,28794,-0.005105230256303397,-5.105230256303397
Rebild,2014,1606.0,1697.0,-91.0,28859,-0.0031532624138050523,-3.1532624138050522
Rebild,2015,1703.0,1631.0,72.0,29149,0.0024700675837936122,2.4700675837936124
Rebild,2016,1699.0,1651.0,48.0,29391,0.0016331530060222517,1.6331530060222517
Rebild,2017,1907.0,1648.0,259.0,29827,0.0086834076507862,8.683407650786199
Rebild,2018,1789.0,1820.0,-31.0,29916,-0.0010362347907474261,-1.036234790747426
Rebild,2019,1813.0,1679.0,134.0,30113,0.004449905356490552,4.449905356490552
Rebild,2020,1848.0,1640.0,208.0,30518,0.006815649780457435,6.815649780457435
Rebild,2021,1802.0,1817.0,-15.0,30646,-0.0004894602884552633,-0.4894602884552633
Rebild,2022,1582.0,1619.0,-37.0,30908,-0.0011971010741555583,-1.1971010741555583
Rebild,2023,1457.0,1493.0,-36.0,30937,-0.0011636551701845687,-1.1636551701845688
Rebild,2024,1478.0,1588.0,-110.0,30942,-0.0035550384590524206,-3.5550384590524207
Rebild,2025,1698.0,1492.0,206.0,31280,0.006585677749360614,6.585677749360614
Ringkøbing-Skjern,1992,3030.0,3124.0,-94.0,56563,-0.0016618637625302759,-1.661863762530276
Ringkøbing-Skjern,1993,2922.0,3030.0,-108.0,56638,-0.0019068469931847877,-1.9068469931847878
Ringkøbing-Skjern,1994,3212.0,3317.0,-105.0,56750,-0.0018502202643171806,-1.8502202643171806
Ringkøbing-Skjern,1995,3199.0,3468.0,-269.0,56965,-0.004722197840779426,-4.722197840779426
Ringkøbing-Skjern,1996,3257.0,3648.0,-391.0,57476,-0.006802839446029647,-6.802839446029647
Ringkøbing-Skjern,1997,3204.0,3518.0,-314.0,57302,-0.00547973892708806,-5.47973892708806
Ringkøbing-Skjern,1998,3208.0,3564.0,-356.0,57306,-0.006212263986319059,-6.212263986319059
Ringkøbing-Skjern,1999,3058.0,3256.0,-198.0,57382,-0.003450559408873863,-3.450559408873863
Ringkøbing-Skjern,2000,3121.0,3152.0,-31.0,57392,-0.0005401449679397826,-0.5401449679397826
Ringkøbing-Skjern,2001,3081.0,3242.0,-161.0,57668,-0.0027918429631684817,-2.791842963168482
Ringkøbing-Skjern,2002,3001.0,3162.0,-161.0,57865,-0.0027823382009850516,-2.7823382009850515
Ringkøbing-Skjern,2003,2918.0,3361.0,-443.0,58085,-0.007626753895153654,-7.626753895153654
Ringkøbing-Skjern,2004,3006.0,3336.0,-330.0,57877,-0.005701746807885689,-5.701746807885689
Ringkøbing-Skjern,2005,3044.0,3317.0,-273.0,57818,-0.004721712961361514,-4.721712961361514
Ringkøbing-Skjern,2006,2472.0,2555.0,-83.0,57774,-0.0014366323951950704,-1.4366323951950704
Ringkøbing-Skjern,2007,2262.0,2514.0,-252.0,58368,-0.004317434210526316,-4.317434210526316
Ringkøbing-Skjern,2008,2210.0,2348.0,-138.0,58803,-0.002346819039844906,-2.346819039844906
Ringkøbing-Skjern,2009,1848.0,2532.0,-684.0,58439,-0.011704512397542737,-11.704512397542738
Ringkøbing-Skjern,2010,1882.0,2365.0,-483.0,58068,-0.008317834263277537,-8.317834263277536
Ringkøbing-Skjern,2011,1883.0,2289.0,-406.0,57892,-0.0070130587991432325,-7.0130587991432325
Ringkøbing-Skjern,2012,1948.0,2449.0,-501.0,57529,-0.008708651288915155,-8.708651288915155
Ringkøbing-Skjern,2013,1847.0,2310.0,-463.0,57093,-0.008109575604715114,-8.109575604715113
Ringkøbing-Skjern,2014,2048.0,2387.0,-339.0,57042,-0.00594298937624908,-5.94298937624908
Ringkøbing-Skjern,2015,2129.0,2502.0,-373.0,57139,-0.00652794063599293,-6.5279406359929295
Ringkøbing-Skjern,2016,2155.0,2602.0,-447.0,57022,-0.007839079653467083,-7.839079653467083
Ringkøbing-Skjern,2017,2198.0,2551.0,-353.0,57005,-0.00619243925971406,-6.19243925971406
Ringkøbing-Skjern,2018,2216.0,2518.0,-302.0,56930,-0.005304760231863693,-5.304760231863693
Ringkøbing-Skjern,2019,2256.0,2625.0,-369.0,56594,-0.006520125808389582,-6.520125808389582
Ringkøbing-Skjern,2020,2273.0,2676.0,-403.0,56182,-0.0071731159446085935,-7.173115944608593
Ringkøbing-Skjern,2021,2391.0,2742.0,-351.0,56203,-0.006245218226785047,-6.245218226785047
Ringkøbing-Skjern,2022,2265.0,2631.0,-366.0,56348,-0.00649535032299283,-6.49535032299283
Ringkøbing-Skjern,2023,2176.0,2481.0,-305.0,56218,-0.0054253086200149415,-5.425308620014942
Ringkøbing-Skjern,2024,1837.0,2567.0,-730.0,55582,-0.013133748335792162,-13.133748335792163
Ringkøbing-Skjern,2025,2022.0,2364.0,-342.0,55405,-0.006172728093132389,-6.172728093132388
Ringsted,1992,1311.0,1421.0,-110.0,28648,-0.0038397095783300754,-3.8397095783300754
Ringsted,1993,1343.0,1345.0,-2.0,28723,-6.963060961598719e-05,-0.06963060961598719
Ringsted,1994,1344.0,1424.0,-80.0,28891,-0.002769028417154131,-2.769028417154131
Ringsted,1995,1458.0,1476.0,-18.0,28914,-0.0006225357958082589,-0.6225357958082589
Ringsted,1996,1337.0,1546.0,-209.0,29067,-0.007190284515085836,-7.190284515085835
Ringsted,1997,1596.0,1516.0,80.0,29030,0.002755769893213917,2.755769893213917
Ringsted,1998,1587.0,1522.0,65.0,29243,0.0022227541633895293,2.222754163389529
Ringsted,1999,1508.0,1484.0,24.0,29454,0.0008148299042574863,0.8148299042574862
Ringsted,2000,1677.0,1555.0,122.0,29547,0.0041290147899956005,4.1290147899956
Ringsted,2001,1643.0,1486.0,157.0,29769,0.0052739426920622124,5.273942692062213
Ringsted,2002,1572.0,1535.0,37.0,30018,0.001232593777067093,1.2325937770670932
Ringsted,2003,1710.0,1525.0,185.0,30110,0.006144138160079708,6.144138160079708
Ringsted,2004,1981.0,1623.0,358.0,30418,0.011769347097113551,11.76934709711355
Ringsted,2005,1866.0,1731.0,135.0,30830,0.0043788517677586765,4.378851767758676
Ringsted,2006,1968.0,1699.0,269.0,31094,0.008651186724126842,8.651186724126841
Ringsted,2007,2059.0,1607.0,452.0,32092,0.014084507042253521,14.084507042253522
Ringsted,2008,1815.0,1656.0,159.0,32442,0.004901054189014241,4.901054189014241
Ringsted,2009,1646.0,1619.0,27.0,32584,0.0008286275472624601,0.8286275472624601
Ringsted,2010,1802.0,1648.0,154.0,32890,0.0046822742474916385,4.682274247491638
Ringsted,2011,1819.0,1638.0,181.0,33153,0.005459536090248243,5.459536090248243
Ringsted,2012,1775.0,1760.0,15.0,33217,0.0004515760002408405,0.45157600024084055
Ringsted,2013,1708.0,1676.0,32.0,33349,0.0009595490119643767,0.9595490119643767
Ringsted,2014,1805.0,1741.0,64.0,33573,0.0019062937479522235,1.9062937479522235
Ringsted,2015,1960.0,1850.0,110.0,34031,0.003232346977755576,3.232346977755576
Ringsted,2016,1964.0,1944.0,20.0,34259,0.0005837882016404448,0.5837882016404448
Ringsted,2017,2208.0,1986.0,222.0,34473,0.006439822469758941,6.4398224697589415
Ringsted,2018,2139.0,2034.0,105.0,34725,0.003023758099352052,3.023758099352052
Ringsted,2019,2167.0,2124.0,43.0,34852,0.0012337885917594398,1.2337885917594398
Ringsted,2020,2150.0,2327.0,-177.0,34847,-0.005079346859127041,-5.079346859127042
Ringsted,2021,2608.0,2421.0,187.0,35141,0.005321419424603739,5.321419424603739
Ringsted,2022,2548.0,2136.0,412.0,35906,0.011474405391856514,11.474405391856514
Ringsted,2023,2416.0,2168.0,248.0,36356,0.0068214325008251735,6.821432500825174
Ringsted,2024,2124.0,2351.0,-227.0,36286,-0.006255856253100369,-6.25585625310037
Ringsted,2025,2120.0,2360.0,-240.0,36010,-0.006664815329075257,-6.664815329075257
Roskilde,1992,4541.0,4297.0,244.0,71742,0.0034010760781689946,3.4010760781689946
Roskilde,1993,4430.0,4460.0,-30.0,72419,-0.00041425592731189327,-0.41425592731189326
Roskilde,1994,4577.0,4532.0,45.0,72675,0.0006191950464396285,0.6191950464396285
Roskilde,1995,4718.0,4519.0,199.0,73143,0.002720697811137088,2.7206978111370876
Roskilde,1996,4597.0,4542.0,55.0,73785,0.0007454089584603917,0.7454089584603917
Roskilde,1997,4623.0,4564.0,59.0,74213,0.000795008960694218,0.795008960694218
Roskilde,1998,4773.0,4368.0,405.0,74649,0.005425390829080095,5.4253908290800945
Roskilde,1999,4800.0,4479.0,321.0,75541,0.004249348036165791,4.249348036165791
Roskilde,2000,4603.0,4309.0,294.0,76321,0.0038521507841878383,3.852150784187838
Roskilde,2001,4550.0,4419.0,131.0,77092,0.0016992684065791522,1.6992684065791521
Roskilde,2002,4783.0,4575.0,208.0,77583,0.002680999703543302,2.680999703543302
Roskilde,2003,4982.0,4752.0,230.0,78045,0.0029470177461720804,2.9470177461720803
Roskilde,2004,5426.0,4954.0,472.0,78640,0.00600203458799593,6.00203458799593
Roskilde,2005,5574.0,5099.0,475.0,79441,0.005979280220541031,5.979280220541031
Roskilde,2006,4354.0,4229.0,125.0,80455,0.0015536635386240755,1.5536635386240756
Roskilde,2007,3724.0,4538.0,-814.0,80687,-0.010088366155638455,-10.088366155638456
Roskilde,2008,4168.0,4266.0,-98.0,81285,-0.0012056344959094545,-1.2056344959094545
Roskilde,2009,4058.0,3883.0,175.0,81947,0.002135526620864705,2.135526620864705
Roskilde,2010,4321.0,3975.0,346.0,82542,0.004191805383925759,4.191805383925759
Roskilde,2011,4578.0,4377.0,201.0,83137,0.002417696091992735,2.417696091992735
Roskilde,2012,4546.0,4301.0,245.0,83554,0.0029322354405534145,2.9322354405534146
Roskilde,2013,4788.0,4491.0,297.0,84219,0.003526520143910519,3.5265201439105187
Roskilde,2014,4931.0,4505.0,426.0,85026,0.005010232164279161,5.010232164279161
Roskilde,2015,5515.0,4977.0,538.0,86207,0.006240792511048986,6.240792511048986
Roskilde,2016,5511.0,5096.0,415.0,87015,0.004769292650692409,4.769292650692409
Roskilde,2017,5736.0,5287.0,449.0,87382,0.005138358014236341,5.138358014236341
Roskilde,2018,5334.0,5363.0,-29.0,87577,-0.00033113717071833927,-0.33113717071833926
Roskilde,2019,5683.0,5450.0,233.0,87914,0.002650317355597516,2.650317355597516
Roskilde,2020,6327.0,5576.0,751.0,88889,0.008448739439075701,8.448739439075702
Roskilde,2021,6342.0,6038.0,304.0,89447,0.003398660659384887,3.398660659384887
Roskilde,2022,5843.0,5553.0,290.0,90446,0.0032063330606107512,3.2063330606107514
Roskilde,2023,5588.0,5235.0,353.0,90931,0.003882064422474184,3.882064422474184
Roskilde,2024,5648.0,5191.0,457.0,91623,0.004987830566560798,4.987830566560798
Roskilde,2025,5979.0,5142.0,837.0,92697,0.009029418427780834,9.029418427780834
Rudersdal,1992,3534.0,3863.0,-329.0,51250,-0.006419512195121951,-6.419512195121952
Rudersdal,1993,3755.0,3792.0,-37.0,50988,-0.0007256609398289793,-0.7256609398289793
Rudersdal,1994,3998.0,3928.0,70.0,51093,0.0013700506918755994,1.3700506918755995
Rudersdal,1995,4152.0,3854.0,298.0,51296,0.0058094198378041174,5.809419837804118
Rudersdal,1996,3939.0,3687.0,252.0,51788,0.004865992121727041,4.865992121727041
Rudersdal,1997,3778.0,3872.0,-94.0,52340,-0.001795949560565533,-1.7959495605655331
Rudersdal,1998,3593.0,3742.0,-149.0,52468,-0.002839826179766715,-2.8398261797667153
Rudersdal,1999,3450.0,3483.0,-33.0,52489,-0.0006287031568519119,-0.6287031568519119
Rudersdal,2000,3493.0,3492.0,1.0,52548,1.9030219989343076e-05,0.019030219989343077
Rudersdal,2001,3488.0,3386.0,102.0,52702,0.0019354104208568934,1.9354104208568934
Rudersdal,2002,3260.0,3295.0,-35.0,53029,-0.0006600162175413453,-0.6600162175413453
Rudersdal,2003,3573.0,3486.0,87.0,53190,0.0016356457980823463,1.6356457980823462
Rudersdal,2004,3799.0,3621.0,178.0,53348,0.003336582439829047,3.3365824398290473
Rudersdal,2005,4084.0,3593.0,491.0,53621,0.009156860185375133,9.156860185375132
Rudersdal,2006,2880.0,3250.0,-370.0,54241,-0.006821408159879058,-6.821408159879058
Rudersdal,2007,2759.0,2999.0,-240.0,53869,-0.004455252557129332,-4.455252557129332
Rudersdal,2008,2906.0,2906.0,0.0,53915,0.0,0.0
Rudersdal,2009,3236.0,2921.0,315.0,54444,0.005785761516420542,5.785761516420542
Rudersdal,2010,3307.0,3023.0,284.0,54765,0.005185793846434767,5.185793846434767
Rudersdal,2011,3022.0,3118.0,-96.0,54630,-0.001757276221856123,-1.757276221856123
Rudersdal,2012,3435.0,3282.0,153.0,54827,0.0027905958742955113,2.7905958742955113
Rudersdal,2013,3653.0,3446.0,207.0,55034,0.003761311189446524,3.761311189446524
Rudersdal,2014,3736.0,3470.0,266.0,55441,0.004797893255893653,4.797893255893653
Rudersdal,2015,3857.0,3756.0,101.0,55739,0.0018120167207879582,1.8120167207879583
Rudersdal,2016,3868.0,3723.0,145.0,56133,0.0025831507312988793,2.5831507312988795
Rudersdal,2017,3905.0,4037.0,-132.0,55989,-0.00235760595831324,-2.35760595831324
Rudersdal,2018,4018.0,3921.0,97.0,56509,0.0017165407280256243,1.7165407280256242
Rudersdal,2019,4049.0,3961.0,88.0,56728,0.0015512621633055987,1.5512621633055987
Rudersdal,2020,4366.0,4140.0,226.0,57024,0.00396324354657688,3.96324354657688
Rudersdal,2021,4566.0,4462.0,104.0,57247,0.0018166890841441474,1.8166890841441474
Rudersdal,2022,3276.0,3746.0,-470.0,57193,-0.008217788890248807,-8.217788890248807
Rudersdal,2023,3637.0,3781.0,-144.0,57237,-0.0025158551286755073,-2.5158551286755073
Rudersdal,2024,3508.0,3580.0,-72.0,57342,-0.0012556241498378152,-1.2556241498378151
Rudersdal,2025,4199.0,3957.0,242.0,57912,0.00417875397154303,4.17875397154303
Rødovre,1992,2390.0,2290.0,100.0,35336,0.002829975096219153,2.829975096219153
Rødovre,1993,2409.0,2450.0,-41.0,35478,-0.0011556457522971983,-1.1556457522971983
Rødovre,1994,2489.0,2370.0,119.0,35421,0.0033595889444115075,3.3595889444115077
Rødovre,1995,2524.0,2412.0,112.0,35490,0.003155818540433925,3.1558185404339247
Rødovre,1996,2463.0,2527.0,-64.0,35607,-0.0017973993877608335,-1.7973993877608334
Rødovre,1997,2588.0,2287.0,301.0,35549,0.00846718613744409,8.46718613744409
Rødovre,1998,2416.0,2163.0,253.0,35839,0.007059348754150507,7.0593487541505064
Rødovre,1999,2516.0,2230.0,286.0,36004,0.007943561826463726,7.943561826463726
Rødovre,2000,2455.0,2287.0,168.0,36317,0.004625932758763114,4.625932758763114
Rødovre,2001,2477.0,2384.0,93.0,36561,0.0025436941002707804,2.5436941002707805
Rødovre,2002,2255.0,2200.0,55.0,36591,0.0015031018556475636,1.5031018556475637
Rødovre,2003,2318.0,2404.0,-86.0,36619,-0.0023485076053414893,-2.3485076053414895
Rødovre,2004,2666.0,2700.0,-34.0,36391,-0.0009342969415514825,-0.9342969415514826
Rødovre,2005,2971.0,2704.0,267.0,36312,0.007352941176470588,7.352941176470588
Rødovre,2006,2259.0,2491.0,-232.0,36506,-0.006355119706349641,-6.355119706349641
Rødovre,2007,2341.0,2522.0,-181.0,36144,-0.005007746790615317,-5.007746790615316
Rødovre,2008,2326.0,2379.0,-53.0,36228,-0.0014629568289720658,-1.4629568289720658
Rødovre,2009,2412.0,2457.0,-45.0,36233,-0.0012419617475781747,-1.2419617475781748
Rødovre,2010,2464.0,2271.0,193.0,36524,0.005284196692585697,5.284196692585697
Rødovre,2011,2554.0,2309.0,245.0,36883,0.0066426266843803376,6.642626684380337
Rødovre,2012,2728.0,2409.0,319.0,37351,0.008540601322588418,8.540601322588419
Rødovre,2013,2797.0,2716.0,81.0,37552,0.0021570089475926716,2.1570089475926717
Rødovre,2014,2707.0,2740.0,-33.0,37743,-0.0008743343136475638,-0.8743343136475638
Rødovre,2015,3014.0,2957.0,57.0,38002,0.001499921056786485,1.499921056786485
Rødovre,2016,3033.0,2717.0,316.0,38492,0.008209498077522602,8.209498077522602
Rødovre,2017,3576.0,3012.0,564.0,39343,0.014335459929339399,14.335459929339398
Rødovre,2018,3528.0,3011.0,517.0,40052,0.012908219314890642,12.908219314890642
Rødovre,2019,3575.0,3177.0,398.0,40652,0.009790416215684345,9.790416215684346
Rødovre,2020,3736.0,3500.0,236.0,41113,0.00574027679809306,5.740276798093061
Rødovre,2021,3624.0,3666.0,-42.0,41382,-0.0010149340292880964,-1.0149340292880964
Rødovre,2022,3736.0,3171.0,565.0,42563,0.013274440241524329,13.274440241524328
Rødovre,2023,4520.0,3556.0,964.0,44328,0.021746977079949468,21.746977079949467
Rødovre,2024,3415.0,3576.0,-161.0,44734,-0.003599052175079358,-3.599052175079358
Rødovre,2025,3789.0,3966.0,-177.0,45138,-0.003921307988834242,-3.9213079888342417
Samsø,1992,278.0,231.0,47.0,4345,0.010817031070195627,10.817031070195627
Samsø,1993,255.0,255.0,0.0,4366,0.0,0.0
Samsø,1994,232.0,241.0,-9.0,4345,-0.0020713463751438435,-2.0713463751438437
Samsø,1995,309.0,286.0,23.0,4323,0.005320379366180893,5.320379366180893
Samsø,1996,308.0,315.0,-7.0,4357,-0.001606610052788616,-1.606610052788616
Samsø,1997,288.0,297.0,-9.0,4331,-0.0020780420226275687,-2.0780420226275687
Samsø,1998,261.0,239.0,22.0,4325,0.005086705202312139,5.086705202312139
Samsø,1999,219.0,257.0,-38.0,4318,-0.008800370541917554,-8.800370541917554
Samsø,2000,295.0,264.0,31.0,4233,0.007323411292227734,7.323411292227735
Samsø,2001,275.0,243.0,32.0,4266,0.007501172058134084,7.501172058134084
Samsø,2002,237.0,256.0,-19.0,4251,-0.004469536579628322,-4.469536579628323
Samsø,2003,295.0,299.0,-4.0,4221,-0.0009476427386875149,-0.9476427386875148
Samsø,2004,233.0,295.0,-62.0,4197,-0.014772456516559448,-14.772456516559448
Samsø,2005,246.0,224.0,22.0,4125,0.005333333333333333,5.333333333333333
Samsø,2006,283.0,261.0,22.0,4124,0.00533462657613967,5.33462657613967
Samsø,2007,247.0,264.0,-17.0,4085,-0.00416156670746634,-4.16156670746634
Samsø,2008,222.0,276.0,-54.0,4003,-0.013489882588058956,-13.489882588058956
Samsø,2009,229.0,204.0,25.0,4010,0.006234413965087282,6.234413965087282
Samsø,2010,168.0,272.0,-104.0,3885,-0.02676962676962677,-26.76962676962677
Samsø,2011,201.0,191.0,10.0,3889,0.0025713551041398816,2.5713551041398817
Samsø,2012,183.0,244.0,-61.0,3806,-0.01602732527588019,-16.027325275880187
Samsø,2013,193.0,211.0,-18.0,3767,-0.004778338200159278,-4.778338200159278
Samsø,2014,206.0,208.0,-2.0,3733,-0.0005357621216180017,-0.5357621216180016
Samsø,2015,228.0,239.0,-11.0,3710,-0.0029649595687331535,-2.9649595687331534
Samsø,2016,252.0,262.0,-10.0,3724,-0.0026852846401718583,-2.6852846401718584
Samsø,2017,206.0,196.0,10.0,3720,0.002688172043010753,2.688172043010753
Samsø,2018,230.0,218.0,12.0,3684,0.003257328990228013,3.257328990228013
Samsø,2019,244.0,240.0,4.0,3657,0.0010937927262783702,1.0937927262783702
Samsø,2020,263.0,241.0,22.0,3682,0.005975013579576317,5.975013579576317
Samsø,2021,324.0,254.0,70.0,3716,0.01883745963401507,18.83745963401507
Samsø,2022,249.0,226.0,23.0,3775,0.0060927152317880795,6.0927152317880795
Samsø,2023,201.0,248.0,-47.0,3694,-0.012723335138061722,-12.723335138061723
Samsø,2024,204.0,194.0,10.0,3656,0.002735229759299781,2.735229759299781
Samsø,2025,200.0,207.0,-7.0,3617,-0.0019353055017970694,-1.9353055017970695
Silkeborg,1992,4247.0,4016.0,231.0,76088,0.0030359583639995792,3.0359583639995793
Silkeborg,1993,4077.0,4045.0,32.0,76677,0.00041733505484043456,0.41733505484043454
Silkeborg,1994,4859.0,4407.0,452.0,77072,0.005864646045256384,5.864646045256384
Silkeborg,1995,4624.0,4712.0,-88.0,77891,-0.0011297839288236125,-1.1297839288236124
Silkeborg,1996,4702.0,4844.0,-142.0,78753,-0.0018031059134255203,-1.8031059134255203
Silkeborg,1997,4829.0,4475.0,354.0,79061,0.0044775553053970985,4.4775553053970985
Silkeborg,1998,4533.0,4564.0,-31.0,79849,-0.0003882327893899736,-0.3882327893899736
Silkeborg,1999,4619.0,4638.0,-19.0,80219,-0.00023685161869382566,-0.23685161869382565
Silkeborg,2000,4484.0,4305.0,179.0,80570,0.0022216705969964005,2.2216705969964003
Silkeborg,2001,4625.0,4465.0,160.0,81199,0.0019704676165962637,1.9704676165962636
Silkeborg,2002,4655.0,4258.0,397.0,81772,0.004854962578877855,4.854962578877855
Silkeborg,2003,4805.0,4369.0,436.0,82601,0.005278386460212346,5.278386460212346
Silkeborg,2004,4984.0,4609.0,375.0,83390,0.004496942079386017,4.4969420793860175
Silkeborg,2005,5480.0,4670.0,810.0,84167,0.009623724262478168,9.623724262478168
Silkeborg,2006,4187.0,3507.0,680.0,85376,0.007964767616191904,7.964767616191904
Silkeborg,2007,3826.0,3603.0,223.0,87371,0.002552334298565886,2.552334298565886
Silkeborg,2008,3644.0,3661.0,-17.0,88016,-0.00019314670059989092,-0.19314670059989092
Silkeborg,2009,3249.0,3281.0,-32.0,88481,-0.00036165956533040994,-0.36165956533040994
Silkeborg,2010,3334.0,3319.0,15.0,88913,0.000168704238975178,0.168704238975178
Silkeborg,2011,3503.0,3485.0,18.0,89328,0.0002015045674368619,0.2015045674368619
Silkeborg,2012,3584.0,3870.0,-286.0,89346,-0.0032010386586976474,-3.2010386586976476
Silkeborg,2013,3586.0,3737.0,-151.0,89633,-0.0016846473954905002,-1.6846473954905001
Silkeborg,2014,3717.0,3799.0,-82.0,90016,-0.0009109491645929612,-0.9109491645929612
Silkeborg,2015,4041.0,4001.0,40.0,90719,0.00044092196783474246,0.44092196783474247
Silkeborg,2016,3990.0,3999.0,-9.0,91237,-9.864419040520842e-05,-0.09864419040520842
Silkeborg,2017,4344.0,3928.0,416.0,92024,0.004520559853951143,4.520559853951143
Silkeborg,2018,4620.0,3981.0,639.0,93054,0.006866980462956993,6.866980462956993
Silkeborg,2019,4671.0,4149.0,522.0,94026,0.005551655924956927,5.551655924956927
Silkeborg,2020,5321.0,4391.0,930.0,95488,0.009739443699731903,9.739443699731902
Silkeborg,2021,5503.0,4333.0,1170.0,97358,0.012017502413771853,12.017502413771853
Silkeborg,2022,5397.0,4340.0,1057.0,99400,0.010633802816901409,10.633802816901408
Silkeborg,2023,4978.0,4088.0,890.0,100747,0.00883400994570558,8.83400994570558
Silkeborg,2024,4669.0,4230.0,439.0,101574,0.004321972158229468,4.321972158229468
Silkeborg,2025,4690.0,4217.0,473.0,102753,0.004603271923934094,4.603271923934094
Skanderborg,1992,2950.0,2931.0,19.0,55043,0.00034518467380048324,0.34518467380048323
Skanderborg,1993,3075.0,2948.0,127.0,55404,0.0022922532669121362,2.292253266912136
Skanderborg,1994,3084.0,3160.0,-76.0,55654,-0.0013655801918999533,-1.3655801918999533
Skanderborg,1995,3223.0,3251.0,-28.0,55845,-0.0005013877697197601,-0.5013877697197601
Skanderborg,1996,3328.0,3321.0,7.0,56392,0.00012413108242303873,0.12413108242303872
Skanderborg,1997,3370.0,3195.0,175.0,56931,0.003073896471166851,3.0738964711668513
Skanderborg,1998,3328.0,3108.0,220.0,57430,0.00383075047884381,3.83075047884381
Skanderborg,1999,3151.0,3178.0,-27.0,58063,-0.00046501214198370734,-0.46501214198370733
Skanderborg,2000,3179.0,3115.0,64.0,58717,0.0010899739428104297,1.0899739428104298
Skanderborg,2001,3052.0,2984.0,68.0,59316,0.0011464023197788119,1.1464023197788118
Skanderborg,2002,3215.0,3027.0,188.0,59781,0.0031448118967564945,3.1448118967564946
Skanderborg,2003,3271.0,3176.0,95.0,60413,0.0015725092281462598,1.5725092281462598
Skanderborg,2004,3674.0,3151.0,523.0,61035,0.008568853936266076,8.568853936266077
Skanderborg,2005,3736.0,3602.0,134.0,61990,0.002161638974028069,2.1616389740280693
Skanderborg,2006,3124.0,2890.0,234.0,62652,0.0037349166826278492,3.734916682627849
Skanderborg,2007,2956.0,2638.0,318.0,56044,0.005674113196773963,5.6741131967739635
Skanderborg,2008,2635.0,2473.0,162.0,56636,0.0028603714951620876,2.8603714951620876
Skanderborg,2009,2669.0,2497.0,172.0,57303,0.0030015880494913007,3.0015880494913008
Skanderborg,2010,2647.0,2588.0,59.0,57717,0.0010222291525893584,1.0222291525893583
Skanderborg,2011,2737.0,2690.0,47.0,58008,0.0008102330713005102,0.8102330713005103
Skanderborg,2012,2746.0,2968.0,-222.0,58094,-0.003821392914930974,-3.821392914930974
Skanderborg,2013,2517.0,2678.0,-161.0,58176,-0.0027674642464246423,-2.7674642464246424
Skanderborg,2014,2847.0,2634.0,213.0,58782,0.0036235582321118708,3.6235582321118707
Skanderborg,2015,3243.0,3047.0,196.0,59481,0.003295169886182142,3.2951698861821423
Skanderborg,2016,3513.0,3112.0,401.0,60401,0.0066389629310773,6.6389629310773
Skanderborg,2017,3578.0,3224.0,354.0,61158,0.005788286078681448,5.788286078681447
Skanderborg,2018,3656.0,3226.0,430.0,61974,0.006938393519863168,6.938393519863168
Skanderborg,2019,3509.0,3161.0,348.0,62678,0.0055521873703691885,5.552187370369189
Skanderborg,2020,3761.0,3432.0,329.0,63390,0.005190093074617447,5.190093074617447
Skanderborg,2021,4154.0,3573.0,581.0,64318,0.00903324108336702,9.03324108336702
Skanderborg,2022,3502.0,3381.0,121.0,65138,0.0018575946452147748,1.8575946452147747
Skanderborg,2023,2860.0,3022.0,-162.0,65205,-0.002484472049689441,-2.4844720496894412
Skanderborg,2024,3137.0,2822.0,315.0,65760,0.00479014598540146,4.79014598540146
Skanderborg,2025,3325.0,3033.0,292.0,66352,0.004400771642150953,4.400771642150953
Skive,1992,2594.0,2643.0,-49.0,48039,-0.0010200045796123984,-1.0200045796123984
Skive,1993,2413.0,2613.0,-200.0,48079,-0.004159820295763223,-4.159820295763223
Skive,1994,2766.0,2823.0,-57.0,48083,-0.0011854501590998897,-1.1854501590998898
Skive,1995,2744.0,2904.0,-160.0,48231,-0.0033173684974394063,-3.317368497439406
Skive,1996,2708.0,2859.0,-151.0,48498,-0.003113530454864118,-3.113530454864118
Skive,1997,2825.0,2872.0,-47.0,48565,-0.000967775146710594,-0.9677751467105941
Skive,1998,2934.0,3071.0,-137.0,48622,-0.0028176545596643493,-2.817654559664349
Skive,1999,2730.0,2922.0,-192.0,48714,-0.003941372090158887,-3.941372090158887
Skive,2000,2877.0,2937.0,-60.0,48731,-0.0012312491022141963,-1.2312491022141963
Skive,2001,2762.0,2913.0,-151.0,48901,-0.003087871413672522,-3.087871413672522
Skive,2002,2788.0,2944.0,-156.0,48899,-0.0031902492893515206,-3.1902492893515206
Skive,2003,2669.0,2816.0,-147.0,48770,-0.0030141480418289933,-3.014148041828993
Skive,2004,2682.0,3119.0,-437.0,48675,-0.008977914740626605,-8.977914740626606
Skive,2005,2737.0,2927.0,-190.0,48368,-0.003928217002977175,-3.9282170029771755
Skive,2006,1887.0,1955.0,-68.0,48264,-0.0014089176197579977,-1.4089176197579978
Skive,2007,1828.0,2035.0,-207.0,48356,-0.0042807510960377205,-4.28075109603772
Skive,2008,1649.0,1897.0,-248.0,48300,-0.005134575569358178,-5.134575569358178
Skive,2009,1599.0,1805.0,-206.0,48137,-0.004279452396285601,-4.279452396285601
Skive,2010,1554.0,1812.0,-258.0,47986,-0.005376568165715,-5.376568165715
Skive,2011,1607.0,1966.0,-359.0,47620,-0.0075388492230155394,-7.538849223015539
Skive,2012,1451.0,1836.0,-385.0,47291,-0.008141083927174303,-8.141083927174304
Skive,2013,1535.0,1881.0,-346.0,46942,-0.0073707980060500194,-7.37079800605002
Skive,2014,1507.0,1885.0,-378.0,46641,-0.00810445745159838,-8.104457451598378
Skive,2015,1702.0,1941.0,-239.0,46639,-0.005124466648084221,-5.124466648084221
Skive,2016,1611.0,1856.0,-245.0,46540,-0.005264288783841857,-5.264288783841857
Skive,2017,1746.0,1823.0,-77.0,46599,-0.0016523959741625357,-1.6523959741625356
Skive,2018,1607.0,1945.0,-338.0,46224,-0.007312218760816892,-7.312218760816892
Skive,2019,1612.0,1929.0,-317.0,45851,-0.006913698719766199,-6.913698719766199
Skive,2020,1700.0,2049.0,-349.0,45425,-0.0076829939460649425,-7.682993946064943
Skive,2021,1697.0,1978.0,-281.0,45078,-0.006233639469364213,-6.233639469364213
Skive,2022,1669.0,1883.0,-214.0,45069,-0.004748274867425503,-4.748274867425503
Skive,2023,1571.0,1766.0,-195.0,44739,-0.004358613290417757,-4.358613290417757
Skive,2024,1472.0,1756.0,-284.0,44328,-0.0064067857787403,-6.4067857787403
Skive,2025,1561.0,1683.0,-122.0,44104,-0.002766189007799746,-2.766189007799746
Slagelse,1992,4060.0,3981.0,79.0,72193,0.0010942889199783913,1.0942889199783914
Slagelse,1993,4260.0,4105.0,155.0,72488,0.0021382849575102086,2.1382849575102085
Slagelse,1994,4213.0,4300.0,-87.0,72772,-0.0011955147584235696,-1.1955147584235695
Slagelse,1995,4489.0,4396.0,93.0,72721,0.0012788603017010217,1.2788603017010218
Slagelse,1996,4727.0,4208.0,519.0,72991,0.0071104656738502,7.1104656738502
Slagelse,1997,4685.0,4505.0,180.0,73748,0.002440744155773716,2.4407441557737157
Slagelse,1998,4496.0,4347.0,149.0,74033,0.002012615995569543,2.012615995569543
Slagelse,1999,4708.0,4492.0,216.0,74279,0.002907955142099382,2.907955142099382
Slagelse,2000,4792.0,4455.0,337.0,74601,0.004517365718958191,4.5173657189581915
Slagelse,2001,4502.0,4454.0,48.0,75088,0.0006392499467291711,0.6392499467291711
Slagelse,2002,4645.0,4273.0,372.0,75218,0.004945624717487836,4.945624717487836
Slagelse,2003,4804.0,4592.0,212.0,75728,0.002799492922036763,2.7994929220367633
Slagelse,2004,5124.0,4910.0,214.0,75962,0.002817198072720571,2.8171980727205708
Slagelse,2005,5291.0,5056.0,235.0,76185,0.0030845967053882,3.0845967053881997
Slagelse,2006,3747.0,3331.0,416.0,76519,0.005436558240437016,5.436558240437016
Slagelse,2007,3753.0,3239.0,514.0,77457,0.0066359399408704185,6.6359399408704185
Slagelse,2008,3218.0,3319.0,-101.0,77457,-0.0013039492879920473,-1.3039492879920473
Slagelse,2009,2999.0,3107.0,-108.0,77475,-0.001393998063891578,-1.393998063891578
Slagelse,2010,3140.0,3243.0,-103.0,77442,-0.0013300276335838435,-1.3300276335838435
Slagelse,2011,3301.0,3432.0,-131.0,77310,-0.0016944767817876083,-1.6944767817876083
Slagelse,2012,3208.0,3386.0,-178.0,77167,-0.0023066855002786164,-2.3066855002786166
Slagelse,2013,3292.0,3505.0,-213.0,76948,-0.0027681031345843945,-2.7681031345843943
Slagelse,2014,3613.0,3477.0,136.0,77293,0.0017595383799309122,1.759538379930912
Slagelse,2015,3866.0,3407.0,459.0,78140,0.005874072178141797,5.874072178141796
Slagelse,2016,3925.0,3553.0,372.0,78828,0.004719135332622926,4.719135332622926
Slagelse,2017,3761.0,3756.0,5.0,78968,6.331678654644919e-05,0.06331678654644919
Slagelse,2018,3748.0,3646.0,102.0,79073,0.001289947263920681,1.289947263920681
Slagelse,2019,3730.0,3751.0,-21.0,79073,-0.0002655773778660225,-0.26557737786602253
Slagelse,2020,3910.0,3863.0,47.0,79122,0.0005940193625034757,0.5940193625034756
Slagelse,2021,4141.0,3699.0,442.0,79691,0.005546423059065641,5.546423059065641
Slagelse,2022,3734.0,3905.0,-171.0,79728,-0.002144792293798916,-2.144792293798916
Slagelse,2023,3752.0,3519.0,233.0,79923,0.002915305982007682,2.9153059820076823
Slagelse,2024,4001.0,3562.0,439.0,80481,0.005454703594637244,5.454703594637244
Slagelse,2025,3898.0,3514.0,384.0,80959,0.0047431415901876255,4.7431415901876255
Solrød,1992,1298.0,1397.0,-99.0,19060,-0.0051941238195173135,-5.194123819517314
Solrød,1993,1271.0,1400.0,-129.0,19117,-0.006747920698854422,-6.747920698854422
Solrød,1994,1484.0,1487.0,-3.0,19193,-0.00015630698692231543,-0.15630698692231543
Solrød,1995,1395.0,1480.0,-85.0,19343,-0.004394354546864499,-4.3943545468644984
Solrød,1996,1339.0,1449.0,-110.0,19458,-0.005653201767910371,-5.653201767910371
Solrød,1997,1406.0,1406.0,0.0,19541,0.0,0.0
Solrød,1998,1194.0,1264.0,-70.0,19703,-0.0035527584631781964,-3.5527584631781965
Solrød,1999,1290.0,1306.0,-16.0,19816,-0.0008074283407347598,-0.8074283407347598
Solrød,2000,1182.0,1204.0,-22.0,19998,-0.0011001100110011,-1.1001100110011
Solrød,2001,1185.0,1310.0,-125.0,20134,-0.006208403695241879,-6.208403695241879
Solrød,2002,1223.0,1251.0,-28.0,20165,-0.001388544507810563,-1.388544507810563
Solrød,2003,1231.0,1307.0,-76.0,20297,-0.0037443957235059368,-3.744395723505937
Solrød,2004,1291.0,1139.0,152.0,20339,0.007473327105560745,7.473327105560745
Solrød,2005,1260.0,1244.0,16.0,20703,0.0007728348548519538,0.7728348548519538
Solrød,2006,1141.0,1292.0,-151.0,20877,-0.007232839967428271,-7.232839967428271
Solrød,2007,874.0,1116.0,-242.0,20759,-0.011657594296449733,-11.657594296449734
Solrød,2008,883.0,1020.0,-137.0,20743,-0.006604637709106687,-6.604637709106687
Solrød,2009,1062.0,1026.0,36.0,20882,0.0017239727995402739,1.7239727995402738
Solrød,2010,1106.0,1091.0,15.0,20964,0.0007155123068116772,0.7155123068116771
Solrød,2011,1107.0,1004.0,103.0,21156,0.004868595197579883,4.868595197579883
Solrød,2012,1097.0,1179.0,-82.0,21145,-0.003877985339323717,-3.8779853393237174
Solrød,2013,1302.0,1189.0,113.0,21339,0.005295468391208585,5.295468391208585
Solrød,2014,1309.0,1195.0,114.0,21552,0.005289532293986637,5.289532293986636
Solrød,2015,1313.0,1295.0,18.0,21788,0.0008261428309161006,0.8261428309161005
Solrød,2016,1487.0,1278.0,209.0,22147,0.009436944055628302,9.4369440556283
Solrød,2017,1675.0,1408.0,267.0,22518,0.011857180921929123,11.857180921929123
Solrød,2018,1776.0,1359.0,417.0,23065,0.018079340992846304,18.079340992846305
Solrød,2019,1529.0,1422.0,107.0,23255,0.0046011610406364225,4.6011610406364225
Solrød,2020,1669.0,1593.0,76.0,23441,0.003242182500746555,3.242182500746555
Solrød,2021,1812.0,1602.0,210.0,23794,0.008825754391863495,8.825754391863494
Solrød,2022,1655.0,1454.0,201.0,24216,0.008300297324083251,8.300297324083251
Solrød,2023,1592.0,1350.0,242.0,24579,0.009845803328044266,9.845803328044266
Solrød,2024,1510.0,1422.0,88.0,24732,0.0035581432961345623,3.5581432961345625
Solrød,2025,1704.0,1493.0,211.0,25040,0.008426517571884984,8.426517571884984
Sorø,1992,1793.0,1729.0,64.0,26463,0.0024184710728186523,2.4184710728186523
Sorø,1993,1813.0,1727.0,86.0,26583,0.0032351502840161006,3.2351502840161004
Sorø,1994,1860.0,1759.0,101.0,26648,0.0037901531071750224,3.7901531071750223
Sorø,1995,2040.0,2046.0,-6.0,26804,-0.00022384718698701685,-0.22384718698701686
Sorø,1996,2050.0,2104.0,-54.0,27031,-0.001997706337168436,-1.997706337168436
Sorø,1997,2030.0,1951.0,79.0,27015,0.0029243013140847676,2.9243013140847673
Sorø,1998,2090.0,1914.0,176.0,27087,0.006497581865839702,6.4975818658397015
Sorø,1999,2096.0,1906.0,190.0,27194,0.0069868353313230856,6.9868353313230855
Sorø,2000,2036.0,1935.0,101.0,27332,0.003695302209863896,3.695302209863896
Sorø,2001,2148.0,2009.0,139.0,27503,0.005053994109733484,5.053994109733484
Sorø,2002,2147.0,1824.0,323.0,27738,0.011644675174850386,11.644675174850386
Sorø,2003,2163.0,2041.0,122.0,28067,0.004346741725157658,4.346741725157658
Sorø,2004,2187.0,2094.0,93.0,28193,0.0032986911644734508,3.2986911644734507
Sorø,2005,2417.0,2140.0,277.0,28336,0.009775550536420102,9.775550536420102
Sorø,2006,2042.0,1817.0,225.0,28686,0.007843547375026145,7.843547375026145
Sorø,2007,1858.0,1729.0,129.0,29180,0.004420836189170664,4.4208361891706645
Sorø,2008,1840.0,1639.0,201.0,29458,0.006823273813565076,6.823273813565076
Sorø,2009,1778.0,1672.0,106.0,29522,0.003590542646162184,3.590542646162184
Sorø,2010,1644.0,1695.0,-51.0,29499,-0.0017288721651581409,-1.728872165158141
Sorø,2011,1670.0,1727.0,-57.0,29393,-0.0019392372333548805,-1.9392372333548804
Sorø,2012,1720.0,1814.0,-94.0,29288,-0.003209505599562961,-3.209505599562961
Sorø,2013,1727.0,1726.0,1.0,29299,3.4130857708454215e-05,0.03413085770845421
Sorø,2014,1727.0,1788.0,-61.0,29331,-0.002079710886093212,-2.079710886093212
Sorø,2015,1971.0,1953.0,18.0,29543,0.0006092813864536439,0.6092813864536438
Sorø,2016,1938.0,1942.0,-4.0,29595,-0.0001351579658726136,-0.1351579658726136
Sorø,2017,2118.0,2019.0,99.0,29669,0.0033368162054669857,3.336816205466986
Sorø,2018,2095.0,1939.0,156.0,29834,0.0052289334316551585,5.228933431655158
Sorø,2019,2132.0,1989.0,143.0,29881,0.004785649743984472,4.785649743984472
Sorø,2020,2122.0,2058.0,64.0,29993,0.002133831227286367,2.133831227286367
Sorø,2021,2087.0,2066.0,21.0,30018,0.0006995802518488907,0.6995802518488907
Sorø,2022,2248.0,1975.0,273.0,30444,0.008967284193929838,8.967284193929839
Sorø,2023,2016.0,1911.0,105.0,30478,0.003445107946715664,3.445107946715664
Sorø,2024,2130.0,1968.0,162.0,30641,0.005287033712998923,5.287033712998923
Sorø,2025,2118.0,1970.0,148.0,30853,0.004796940329951706,4.796940329951706
Stevns,1992,1304.0,1393.0,-89.0,20108,-0.0044260990650487365,-4.426099065048737
Stevns,1993,1446.0,1368.0,78.0,20053,0.0038896923153642847,3.8896923153642846
Stevns,1994,1414.0,1306.0,108.0,20185,0.005350507802823879,5.35050780282388
Stevns,1995,1516.0,1339.0,177.0,20336,0.00870377655389457,8.70377655389457
Stevns,1996,1466.0,1345.0,121.0,20554,0.005886931984042036,5.886931984042036
Stevns,1997,1458.0,1412.0,46.0,20677,0.002224694104560623,2.2246941045606228
Stevns,1998,1569.0,1321.0,248.0,20734,0.011961030191955243,11.961030191955242
Stevns,1999,1436.0,1287.0,149.0,20970,0.007105388650453028,7.105388650453028
Stevns,2000,1473.0,1416.0,57.0,21167,0.002692870978409789,2.692870978409789
Stevns,2001,1397.0,1262.0,135.0,21317,0.006332973682976029,6.332973682976029
Stevns,2002,1389.0,1363.0,26.0,21492,0.001209752466033873,1.209752466033873
Stevns,2003,1431.0,1372.0,59.0,21609,0.0027303438382155583,2.7303438382155583
Stevns,2004,1576.0,1455.0,121.0,21652,0.005588398300387955,5.588398300387954
Stevns,2005,1566.0,1526.0,40.0,21776,0.0018368846436443791,1.836884643644379
Stevns,2006,1386.0,1385.0,1.0,21834,4.5800128240359075e-05,0.045800128240359075
Stevns,2007,1266.0,1215.0,51.0,21892,0.002329618125342591,2.329618125342591
Stevns,2008,1151.0,1166.0,-15.0,21948,-0.000683433570256971,-0.6834335702569709
Stevns,2009,1030.0,1047.0,-17.0,21931,-0.0007751584515069992,-0.7751584515069991
Stevns,2010,1156.0,1213.0,-57.0,21855,-0.002608098833218943,-2.608098833218943
Stevns,2011,1104.0,1172.0,-68.0,21855,-0.003111416151910318,-3.1114161519103183
Stevns,2012,1200.0,1220.0,-20.0,21818,-0.0009166743056192134,-0.9166743056192135
Stevns,2013,1189.0,1197.0,-8.0,21825,-0.0003665521191294387,-0.3665521191294387
Stevns,2014,1364.0,1216.0,148.0,22038,0.0067156729285779105,6.71567292857791
Stevns,2015,1498.0,1360.0,138.0,22260,0.0061994609164420485,6.199460916442049
Stevns,2016,1483.0,1320.0,163.0,22492,0.007247021163080207,7.247021163080206
Stevns,2017,1659.0,1452.0,207.0,22727,0.009108109297311567,9.108109297311568
Stevns,2018,1458.0,1408.0,50.0,22782,0.0021947151259766482,2.194715125976648
Stevns,2019,1595.0,1424.0,171.0,22805,0.007498355623766718,7.4983556237667175
Stevns,2020,1680.0,1418.0,262.0,23034,0.011374489884518538,11.374489884518539
Stevns,2021,1956.0,1539.0,417.0,23473,0.01776509180760874,17.76509180760874
Stevns,2022,1628.0,1502.0,126.0,23692,0.005318250886375148,5.318250886375147
Stevns,2023,1431.0,1457.0,-26.0,23649,-0.001099412237303903,-1.099412237303903
Stevns,2024,1436.0,1350.0,86.0,23612,0.0036422158224631543,3.6422158224631542
Stevns,2025,1747.0,1469.0,278.0,23842,0.011660095629561279,11.660095629561278
Struer,1992,1101.0,1152.0,-51.0,22993,-0.0022180663680250513,-2.218066368025051
Struer,1993,1158.0,1238.0,-80.0,23002,-0.003477958438396661,-3.4779584383966613
Struer,1994,1202.0,1337.0,-135.0,23016,-0.00586548488008342,-5.86548488008342
Struer,1995,1341.0,1480.0,-139.0,22968,-0.006051898293277604,-6.0518982932776035
Struer,1996,1254.0,1362.0,-108.0,22945,-0.004706907823055132,-4.706907823055132
Struer,1997,1217.0,1302.0,-85.0,22843,-0.003721052401173226,-3.721052401173226
Struer,1998,1326.0,1357.0,-31.0,22830,-0.001357862461673237,-1.357862461673237
Struer,1999,1243.0,1231.0,12.0,22864,0.0005248425472358292,0.5248425472358292
Struer,2000,1106.0,1279.0,-173.0,22920,-0.007547993019197207,-7.547993019197207
Struer,2001,1235.0,1258.0,-23.0,22855,-0.0010063443447823233,-1.0063443447823233
Struer,2002,1251.0,1333.0,-82.0,22996,-0.00356583753696295,-3.56583753696295
Struer,2003,1182.0,1286.0,-104.0,22962,-0.0045292221931887465,-4.529222193188747
Struer,2004,1219.0,1428.0,-209.0,22927,-0.009115889562524534,-9.115889562524535
Struer,2005,1197.0,1349.0,-152.0,22752,-0.006680731364275668,-6.680731364275668
Struer,2006,1185.0,1331.0,-146.0,22695,-0.006433135051773518,-6.433135051773518
Struer,2007,1182.0,1192.0,-10.0,22672,-0.0004410726887791108,-0.4410726887791108
Struer,2008,979.0,1109.0,-130.0,22642,-0.005741542266584224,-5.741542266584224
Struer,2009,930.0,1102.0,-172.0,22483,-0.007650224614152916,-7.650224614152916
Struer,2010,741.0,1050.0,-309.0,22190,-0.013925191527715187,-13.925191527715187
Struer,2011,838.0,997.0,-159.0,22098,-0.007195221286994298,-7.195221286994298
Struer,2012,854.0,1129.0,-275.0,21846,-0.012588116817724069,-12.58811681772407
Struer,2013,836.0,1119.0,-283.0,21533,-0.013142618306784934,-13.142618306784934
Struer,2014,952.0,1064.0,-112.0,21439,-0.00522412425952703,-5.22412425952703
Struer,2015,952.0,1038.0,-86.0,21474,-0.004004843066033343,-4.004843066033343
Struer,2016,917.0,1145.0,-228.0,21347,-0.010680657703658593,-10.680657703658593
Struer,2017,978.0,1080.0,-102.0,21270,-0.004795486600846262,-4.795486600846262
Struer,2018,1005.0,1140.0,-135.0,21143,-0.006385091992621671,-6.385091992621671
Struer,2019,1053.0,1110.0,-57.0,21036,-0.0027096406160867087,-2.7096406160867086
Struer,2020,1011.0,1230.0,-219.0,20808,-0.01052479815455594,-10.52479815455594
Struer,2021,1125.0,1151.0,-26.0,20802,-0.0012498798192481493,-1.2498798192481493
Struer,2022,925.0,1081.0,-156.0,20794,-0.007502164085793979,-7.5021640857939795
Struer,2023,855.0,1008.0,-153.0,20594,-0.0074293483538894825,-7.429348353889482
Struer,2024,784.0,1009.0,-225.0,20229,-0.011122645706658758,-11.122645706658759
Struer,2025,895.0,914.0,-19.0,20122,-0.0009442401351754299,-0.9442401351754299
Svendborg,1992,3632.0,3426.0,206.0,56466,0.00364821308397974,3.6482130839797398
Svendborg,1993,3508.0,3447.0,61.0,56911,0.0010718490274287922,1.0718490274287922
Svendborg,1994,3672.0,3508.0,164.0,57173,0.0028684868731744004,2.8684868731744
Svendborg,1995,3745.0,3757.0,-12.0,57394,-0.00020908108861553474,-0.20908108861553473
Svendborg,1996,3784.0,3911.0,-127.0,57729,-0.0021999341751979076,-2.1999341751979076
Svendborg,1997,3670.0,3703.0,-33.0,57858,-0.0005703619205641398,-0.5703619205641398
Svendborg,1998,3500.0,3585.0,-85.0,57946,-0.001466882959997239,-1.4668829599972388
Svendborg,1999,3688.0,3724.0,-36.0,57985,-0.0006208502198844529,-0.6208502198844529
Svendborg,2000,3535.0,3648.0,-113.0,57928,-0.001950697417483773,-1.950697417483773
Svendborg,2001,3602.0,3659.0,-57.0,57808,-0.0009860226958206477,-0.9860226958206476
Svendborg,2002,3729.0,3643.0,86.0,57931,0.0014845246931694603,1.4845246931694602
Svendborg,2003,3823.0,3686.0,137.0,58145,0.0023561785192191933,2.3561785192191933
Svendborg,2004,3974.0,3779.0,195.0,58301,0.003344711068420782,3.3447110684207817
Svendborg,2005,3949.0,3925.0,24.0,58354,0.00041128285978681836,0.41128285978681833
Svendborg,2006,2980.0,2857.0,123.0,58506,0.002102348477079274,2.102348477079274
Svendborg,2007,3022.0,2870.0,152.0,59040,0.002574525745257453,2.5745257452574526
Svendborg,2008,2638.0,2624.0,14.0,59185,0.0002365464222353637,0.23654642223536368
Svendborg,2009,2404.0,2661.0,-257.0,58998,-0.00435607986711414,-4.35607986711414
Svendborg,2010,2425.0,2760.0,-335.0,58713,-0.005705721049852673,-5.705721049852673
Svendborg,2011,2483.0,2672.0,-189.0,58551,-0.003227955116052672,-3.227955116052672
Svendborg,2012,2480.0,2735.0,-255.0,58296,-0.004374228077398106,-4.374228077398106
Svendborg,2013,2490.0,2763.0,-273.0,57979,-0.004708601390158506,-4.708601390158506
Svendborg,2014,2586.0,2631.0,-45.0,57988,-0.0007760226253707664,-0.7760226253707664
Svendborg,2015,2916.0,2815.0,101.0,58228,0.0017345606924503675,1.7345606924503674
Svendborg,2016,2919.0,2757.0,162.0,58510,0.0027687574773542986,2.7687574773542987
Svendborg,2017,2913.0,2826.0,87.0,58698,0.001482162935704794,1.482162935704794
Svendborg,2018,2981.0,3024.0,-43.0,58599,-0.0007338009181044045,-0.7338009181044045
Svendborg,2019,2870.0,2850.0,20.0,58296,0.00034307671195279267,0.34307671195279266
Svendborg,2020,3362.0,3022.0,340.0,58588,0.00580323615757493,5.80323615757493
Svendborg,2021,3560.0,3002.0,558.0,59193,0.009426790329937661,9.426790329937662
Svendborg,2022,3382.0,2972.0,410.0,59735,0.006863647777684775,6.863647777684775
Svendborg,2023,3104.0,2942.0,162.0,59727,0.002712341152242704,2.712341152242704
Svendborg,2024,2964.0,2718.0,246.0,60001,0.004099931667805537,4.099931667805537
Svendborg,2025,2891.0,2854.0,37.0,60027,0.0006163892914854982,0.6163892914854983
Syddjurs,1992,2486.0,2500.0,-14.0,36559,-0.0003829426406630378,-0.3829426406630378
Syddjurs,1993,2631.0,2548.0,83.0,36716,0.002260594836038784,2.260594836038784
Syddjurs,1994,2857.0,2601.0,256.0,36946,0.006929031559573431,6.929031559573431
Syddjurs,1995,2934.0,2827.0,107.0,37360,0.0028640256959314775,2.8640256959314776
Syddjurs,1996,2827.0,3062.0,-235.0,37992,-0.00618551273952411,-6.1855127395241105
Syddjurs,1997,3173.0,3016.0,157.0,38136,0.004116844975875813,4.116844975875813
Syddjurs,1998,2953.0,2838.0,115.0,38531,0.0029846097947107525,2.9846097947107526
Syddjurs,1999,2777.0,2721.0,56.0,38853,0.0014413301418165908,1.4413301418165907
Syddjurs,2000,2481.0,2615.0,-134.0,39044,-0.0034320254072328655,-3.4320254072328655
Syddjurs,2001,2550.0,2494.0,56.0,39089,0.0014326281050935047,1.4326281050935046
Syddjurs,2002,2606.0,2480.0,126.0,39358,0.0032013821840540676,3.2013821840540677
Syddjurs,2003,2853.0,2639.0,214.0,39602,0.005403767486490582,5.403767486490581
Syddjurs,2004,2787.0,2632.0,155.0,39935,0.0038813071240766245,3.8813071240766246
Syddjurs,2005,2860.0,2707.0,153.0,40196,0.0038063488904368594,3.8063488904368596
Syddjurs,2006,2619.0,2274.0,345.0,40430,0.008533267375711105,8.533267375711105
Syddjurs,2007,2351.0,2185.0,166.0,41281,0.004021220416172089,4.021220416172088
Syddjurs,2008,2010.0,2156.0,-146.0,41314,-0.003533911022897807,-3.533911022897807
Syddjurs,2009,2005.0,1955.0,50.0,41392,0.0012079628913799767,1.2079628913799767
Syddjurs,2010,2134.0,1948.0,186.0,41734,0.004456797814731394,4.456797814731393
Syddjurs,2011,2078.0,2133.0,-55.0,41815,-0.0013153174698074853,-1.3153174698074854
Syddjurs,2012,2069.0,2185.0,-116.0,41894,-0.00276889292022724,-2.7688929202272403
Syddjurs,2013,2240.0,2341.0,-101.0,41719,-0.002420959275150411,-2.420959275150411
Syddjurs,2014,2204.0,2366.0,-162.0,41652,-0.0038893690579083835,-3.8893690579083837
Syddjurs,2015,2409.0,2459.0,-50.0,41889,-0.0011936307861252356,-1.1936307861252355
Syddjurs,2016,2430.0,2504.0,-74.0,42021,-0.001761024249779872,-1.761024249779872
Syddjurs,2017,2789.0,2454.0,335.0,42468,0.007888292361307338,7.888292361307338
Syddjurs,2018,2757.0,2484.0,273.0,42768,0.0063832772166105495,6.38327721661055
Syddjurs,2019,2781.0,2597.0,184.0,42962,0.004282854615706904,4.282854615706904
Syddjurs,2020,2984.0,2790.0,194.0,43168,0.004494069681245367,4.494069681245367
Syddjurs,2021,3078.0,2761.0,317.0,43596,0.007271309294430681,7.271309294430681
Syddjurs,2022,2687.0,2413.0,274.0,44207,0.006198113420951433,6.198113420951433
Syddjurs,2023,2223.0,2341.0,-118.0,44076,-0.002677193937743897,-2.6771939377438967
Syddjurs,2024,2364.0,2349.0,15.0,44101,0.0003401283417609578,0.3401283417609578
Syddjurs,2025,2490.0,2289.0,201.0,44394,0.0045276388701175835,4.527638870117584
Sønderborg,1992,4748.0,4814.0,-66.0,74394,-0.0008871683200258085,-0.8871683200258085
Sønderborg,1993,4809.0,5028.0,-219.0,74711,-0.002931295257726439,-2.9312952577264393
Sønderborg,1994,5069.0,5139.0,-70.0,74734,-0.0009366553375973453,-0.9366553375973452
Sønderborg,1995,5082.0,5610.0,-528.0,75039,-0.007036341102626634,-7.0363411026266345
Sønderborg,1996,5044.0,5316.0,-272.0,75007,-0.003626328209367126,-3.626328209367126
Sønderborg,1997,5228.0,5523.0,-295.0,75128,-0.003926631881588755,-3.926631881588755
Sønderborg,1998,4946.0,5093.0,-147.0,75290,-0.0019524505246380662,-1.9524505246380661
Sønderborg,1999,4783.0,5202.0,-419.0,75590,-0.005543061251488292,-5.543061251488292
Sønderborg,2000,4508.0,4885.0,-377.0,75519,-0.004992121188045392,-4.992121188045392
Sønderborg,2001,4827.0,4906.0,-79.0,75474,-0.0010467180750987095,-1.0467180750987095
Sønderborg,2002,4583.0,4641.0,-58.0,75667,-0.0007665164470641099,-0.7665164470641098
Sønderborg,2003,4688.0,4772.0,-84.0,76003,-0.0011052195308079945,-1.1052195308079946
Sønderborg,2004,4939.0,5013.0,-74.0,76236,-0.0009706700246602654,-0.9706700246602654
Sønderborg,2005,5055.0,5173.0,-118.0,76459,-0.0015433107940203245,-1.5433107940203246
Sønderborg,2006,2417.0,2508.0,-91.0,76598,-0.0011880205749497377,-1.1880205749497377
Sønderborg,2007,2265.0,2495.0,-230.0,76913,-0.0029903917413181126,-2.9903917413181125
Sønderborg,2008,2111.0,2516.0,-405.0,76793,-0.005273918195668876,-5.273918195668876
Sønderborg,2009,1902.0,2379.0,-477.0,76439,-0.0062402700192310204,-6.24027001923102
Sønderborg,2010,1903.0,2455.0,-552.0,76193,-0.007244760017324426,-7.244760017324426
Sønderborg,2011,2053.0,2310.0,-257.0,76094,-0.003377401634820091,-3.377401634820091
Sønderborg,2012,2091.0,2453.0,-362.0,75732,-0.004780013732636138,-4.780013732636138
Sønderborg,2013,2018.0,2514.0,-496.0,75264,-0.006590136054421769,-6.5901360544217695
Sønderborg,2014,2148.0,2634.0,-486.0,74937,-0.0064854477761319505,-6.4854477761319504
Sønderborg,2015,2119.0,2540.0,-421.0,74737,-0.005633086690661921,-5.633086690661921
Sønderborg,2016,2192.0,2383.0,-191.0,74801,-0.002553441798906432,-2.553441798906432
Sønderborg,2017,2267.0,2571.0,-304.0,74650,-0.004072337575351641,-4.072337575351641
Sønderborg,2018,2254.0,2457.0,-203.0,74561,-0.0027226029693807755,-2.7226029693807754
Sønderborg,2019,2216.0,2467.0,-251.0,74220,-0.003381837779574239,-3.381837779574239
Sønderborg,2020,2108.0,2551.0,-443.0,73831,-0.006000189622245398,-6.000189622245398
Sønderborg,2021,2363.0,2730.0,-367.0,73711,-0.004978904098438496,-4.9789040984384965
Sønderborg,2022,2336.0,2649.0,-313.0,74380,-0.004208120462489916,-4.208120462489917
Sønderborg,2023,1902.0,2558.0,-656.0,74233,-0.008837040130400226,-8.837040130400226
Sønderborg,2024,1920.0,2423.0,-503.0,74096,-0.006788490606780393,-6.7884906067803925
Sønderborg,2025,1922.0,2397.0,-475.0,74123,-0.006408267339422312,-6.408267339422312
Thisted,1992,1854.0,2048.0,-194.0,47628,-0.004073234231964391,-4.073234231964391
Thisted,1993,1844.0,1973.0,-129.0,47510,-0.0027152178488739215,-2.7152178488739214
Thisted,1994,1978.0,2244.0,-266.0,47506,-0.005599292720919463,-5.599292720919463
Thisted,1995,2076.0,2359.0,-283.0,47416,-0.005968449468533828,-5.968449468533828
Thisted,1996,2042.0,2350.0,-308.0,47660,-0.006462442299622325,-6.4624422996223245
Thisted,1997,1972.0,2169.0,-197.0,47415,-0.004154803332278815,-4.154803332278815
Thisted,1998,2161.0,2410.0,-249.0,47354,-0.00525826751699962,-5.25826751699962
Thisted,1999,2057.0,2269.0,-212.0,47270,-0.004484874127353501,-4.484874127353501
Thisted,2000,1976.0,2246.0,-270.0,47108,-0.005731510571452832,-5.731510571452832
Thisted,2001,1784.0,2019.0,-235.0,46908,-0.00500980642960689,-5.009806429606891
Thisted,2002,1874.0,2105.0,-231.0,46790,-0.004936952340243642,-4.936952340243642
Thisted,2003,1817.0,1936.0,-119.0,46699,-0.0025482344375682563,-2.548234437568256
Thisted,2004,1881.0,2291.0,-410.0,46581,-0.008801872007900217,-8.801872007900217
Thisted,2005,1996.0,2222.0,-226.0,46158,-0.004896226006326098,-4.896226006326097
Thisted,2006,1269.0,1661.0,-392.0,45910,-0.008538444783271619,-8.538444783271618
Thisted,2007,1278.0,1621.0,-343.0,45549,-0.007530351928692178,-7.530351928692178
Thisted,2008,1212.0,1509.0,-297.0,45596,-0.006513729274497763,-6.513729274497763
Thisted,2009,1073.0,1380.0,-307.0,45297,-0.006777490783054066,-6.777490783054065
Thisted,2010,1160.0,1358.0,-198.0,45145,-0.004385867759441798,-4.3858677594417985
Thisted,2011,1134.0,1453.0,-319.0,44908,-0.007103411418900864,-7.103411418900864
Thisted,2012,1049.0,1482.0,-433.0,44494,-0.00973164921112959,-9.73164921112959
Thisted,2013,1087.0,1349.0,-262.0,44230,-0.005923581279674429,-5.923581279674429
Thisted,2014,1163.0,1407.0,-244.0,44078,-0.0055356413630382505,-5.53564136303825
Thisted,2015,1185.0,1514.0,-329.0,43991,-0.007478802482325931,-7.47880248232593
Thisted,2016,1300.0,1568.0,-268.0,43826,-0.006115091498197417,-6.115091498197417
Thisted,2017,1301.0,1537.0,-236.0,43716,-0.005398481105316132,-5.398481105316132
Thisted,2018,1373.0,1570.0,-197.0,43660,-0.00451213925790197,-4.5121392579019695
Thisted,2019,1388.0,1561.0,-173.0,43423,-0.00398406374501992,-3.9840637450199203
Thisted,2020,1346.0,1557.0,-211.0,43160,-0.004888785912882298,-4.888785912882298
Thisted,2021,1404.0,1505.0,-101.0,43089,-0.0023439857040079837,-2.3439857040079835
Thisted,2022,1421.0,1431.0,-10.0,43383,-0.00023050503653504828,-0.23050503653504828
Thisted,2023,1178.0,1371.0,-193.0,42989,-0.004489520575030822,-4.489520575030822
Thisted,2024,1169.0,1385.0,-216.0,42698,-0.005058784954798819,-5.058784954798819
Thisted,2025,1264.0,1465.0,-201.0,42572,-0.004721413135394156,-4.7214131353941555
Tårnby,1992,2133.0,2383.0,-250.0,39772,-0.006285829226591572,-6.285829226591572
Tårnby,1993,2245.0,2427.0,-182.0,39593,-0.004596772156694365,-4.596772156694365
Tårnby,1994,2103.0,2340.0,-237.0,39485,-0.006002279346587312,-6.002279346587312
Tårnby,1995,2118.0,2738.0,-620.0,39291,-0.01577969509556896,-15.77969509556896
Tårnby,1996,2049.0,2430.0,-381.0,39172,-0.009726335137343,-9.726335137343
Tårnby,1997,2143.0,2051.0,92.0,38986,0.0023598214743754168,2.359821474375417
Tårnby,1998,2288.0,2015.0,273.0,39030,0.006994619523443505,6.994619523443506
Tårnby,1999,2063.0,1961.0,102.0,39304,0.0025951557093425604,2.5951557093425603
Tårnby,2000,2127.0,2026.0,101.0,39402,0.0025633216587990456,2.5633216587990457
Tårnby,2001,2049.0,2052.0,-3.0,39507,-7.593591009188245e-05,-0.07593591009188246
Tårnby,2002,1984.0,2027.0,-43.0,39522,-0.0010880016193512475,-1.0880016193512474
Tårnby,2003,2194.0,2012.0,182.0,39466,0.0046115643845335225,4.611564384533523
Tårnby,2004,2360.0,2169.0,191.0,39535,0.0048311622612874664,4.831162261287466
Tårnby,2005,2423.0,2199.0,224.0,39582,0.005659137992016573,5.659137992016573
Tårnby,2006,2181.0,2052.0,129.0,39708,0.003248715624055606,3.248715624055606
Tårnby,2007,2216.0,2099.0,117.0,40016,0.002923830467812875,2.923830467812875
Tårnby,2008,2070.0,1860.0,210.0,40214,0.0052220619684686925,5.222061968468693
Tårnby,2009,2072.0,1922.0,150.0,40383,0.0037144342916573805,3.7144342916573807
Tårnby,2010,2180.0,1895.0,285.0,40835,0.006979306967062569,6.979306967062569
Tårnby,2011,2225.0,2105.0,120.0,41151,0.0029160895239483853,2.9160895239483855
Tårnby,2012,2390.0,2045.0,345.0,41572,0.008298854998556721,8.298854998556722
Tårnby,2013,2458.0,2271.0,187.0,41992,0.004453229186511716,4.453229186511717
Tårnby,2014,2748.0,2561.0,187.0,42573,0.00439245531205224,4.39245531205224
Tårnby,2015,2758.0,2763.0,-5.0,42860,-0.00011665888940737284,-0.11665888940737285
Tårnby,2016,2692.0,2663.0,29.0,43010,0.0006742617995814927,0.6742617995814927
Tårnby,2017,2748.0,2920.0,-172.0,43063,-0.003994148108585096,-3.994148108585096
Tårnby,2018,2620.0,2789.0,-169.0,42984,-0.003931695514610088,-3.931695514610088
Tårnby,2019,2701.0,2723.0,-22.0,42989,-0.0005117588220242388,-0.5117588220242388
Tårnby,2020,2700.0,2857.0,-157.0,42670,-0.003679400046871338,-3.679400046871338
Tårnby,2021,2775.0,2844.0,-69.0,42723,-0.00161505512253353,-1.61505512253353
Tårnby,2022,2470.0,2371.0,99.0,43042,0.0023000789926118674,2.3000789926118674
Tårnby,2023,3103.0,2361.0,742.0,43915,0.016896276898554025,16.896276898554024
Tårnby,2024,2441.0,2369.0,72.0,44034,0.0016351001498841804,1.6351001498841804
Tårnby,2025,2710.0,2636.0,74.0,44214,0.0016736780205364816,1.6736780205364816
Tønder,1992,2086.0,2051.0,35.0,44097,0.0007937047871737306,0.7937047871737306
Tønder,1993,2041.0,2145.0,-104.0,44250,-0.0023502824858757064,-2.3502824858757063
Tønder,1994,2115.0,2263.0,-148.0,44141,-0.003352891869237217,-3.352891869237217
Tønder,1995,2197.0,2309.0,-112.0,44048,-0.0025426807119505995,-2.5426807119505996
Tønder,1996,2262.0,2461.0,-199.0,44343,-0.004487743274022958,-4.487743274022958
Tønder,1997,2182.0,2205.0,-23.0,44206,-0.0005202913631633715,-0.5202913631633715
Tønder,1998,2264.0,2381.0,-117.0,44165,-0.0026491565719461113,-2.6491565719461114
Tønder,1999,2183.0,2379.0,-196.0,44153,-0.004439109460285824,-4.439109460285825
Tønder,2000,2104.0,2284.0,-180.0,43900,-0.004100227790432802,-4.100227790432802
Tønder,2001,2095.0,2346.0,-251.0,43840,-0.005725364963503649,-5.725364963503649
Tønder,2002,1960.0,2338.0,-378.0,43658,-0.008658206972376197,-8.658206972376197
Tønder,2003,1896.0,2139.0,-243.0,43341,-0.005606700353014467,-5.606700353014467
Tønder,2004,1867.0,2154.0,-287.0,42961,-0.006680477642512977,-6.680477642512977
Tønder,2005,1924.0,2327.0,-403.0,42645,-0.009450111384687536,-9.450111384687537
Tønder,2006,1765.0,2130.0,-365.0,42183,-0.008652774814498733,-8.652774814498732
Tønder,2007,1792.0,1925.0,-133.0,40367,-0.0032947704808383087,-3.2947704808383085
Tønder,2008,1633.0,1929.0,-296.0,40216,-0.007360254625024865,-7.360254625024865
Tønder,2009,1417.0,1854.0,-437.0,39710,-0.011004784688995215,-11.004784688995215
Tønder,2010,1464.0,1726.0,-262.0,39464,-0.006638962092033246,-6.638962092033245
Tønder,2011,1483.0,1850.0,-367.0,39083,-0.009390271985262134,-9.390271985262135
Tønder,2012,1485.0,1937.0,-452.0,38686,-0.011683813265780902,-11.683813265780902
Tønder,2013,1454.0,1823.0,-369.0,38316,-0.00963044159098027,-9.63044159098027
Tønder,2014,1461.0,1848.0,-387.0,38010,-0.010181531176006314,-10.181531176006315
Tønder,2015,1509.0,1852.0,-343.0,37904,-0.009049176867876742,-9.049176867876742
Tønder,2016,1595.0,1781.0,-186.0,37928,-0.004904028685931238,-4.904028685931238
Tønder,2017,1613.0,1830.0,-217.0,37777,-0.005744235910739338,-5.744235910739339
Tønder,2018,1650.0,1825.0,-175.0,37587,-0.004655865059728098,-4.6558650597280975
Tønder,2019,1550.0,1865.0,-315.0,37366,-0.008430123641813413,-8.430123641813413
Tønder,2020,1619.0,1962.0,-343.0,37050,-0.009257759784075574,-9.257759784075574
Tønder,2021,1521.0,1909.0,-388.0,36849,-0.010529458058563326,-10.529458058563327
Tønder,2022,1414.0,1852.0,-438.0,36878,-0.011876999837301372,-11.876999837301371
Tønder,2023,1347.0,1678.0,-331.0,36651,-0.009031131483452021,-9.031131483452022
Tønder,2024,1388.0,1692.0,-304.0,36399,-0.008351877798840628,-8.351877798840627
Tønder,2025,1220.0,1616.0,-396.0,36174,-0.010947089069497429,-10.947089069497428
Vallensbæk,1992,953.0,961.0,-8.0,11871,-0.000673911212197793,-0.673911212197793
Vallensbæk,1993,827.0,897.0,-70.0,12043,-0.0058125051897367766,-5.812505189736776
Vallensbæk,1994,770.0,872.0,-102.0,12092,-0.008435329143235196,-8.435329143235196
Vallensbæk,1995,814.0,912.0,-98.0,12081,-0.008111911265623706,-8.111911265623707
Vallensbæk,1996,810.0,982.0,-172.0,12060,-0.014262023217247097,-14.262023217247098
Vallensbæk,1997,855.0,1022.0,-167.0,12012,-0.013902763902763902,-13.902763902763903
Vallensbæk,1998,749.0,846.0,-97.0,11981,-0.008096152241048326,-8.096152241048326
Vallensbæk,1999,813.0,816.0,-3.0,11949,-0.00025106703489831785,-0.25106703489831783
Vallensbæk,2000,966.0,938.0,28.0,12047,0.002324230098779779,2.324230098779779
Vallensbæk,2001,808.0,857.0,-49.0,12163,-0.004028611362328373,-4.028611362328372
Vallensbæk,2002,887.0,829.0,58.0,12177,0.004763077933809641,4.763077933809641
Vallensbæk,2003,744.0,742.0,2.0,12332,0.0001621796951021732,0.1621796951021732
Vallensbæk,2004,781.0,935.0,-154.0,12382,-0.012437409142303344,-12.437409142303345
Vallensbæk,2005,862.0,897.0,-35.0,12260,-0.0028548123980424145,-2.8548123980424145
Vallensbæk,2006,702.0,839.0,-137.0,12230,-0.011201962387571545,-11.201962387571545
Vallensbæk,2007,912.0,759.0,153.0,12399,0.012339704814904429,12.33970481490443
Vallensbæk,2008,1488.0,693.0,795.0,13365,0.05948372615039282,59.48372615039282
Vallensbæk,2009,1338.0,840.0,498.0,14045,0.03545745817016732,35.45745817016732
Vallensbæk,2010,1241.0,1031.0,210.0,14445,0.014537902388369679,14.537902388369679
Vallensbæk,2011,1080.0,1099.0,-19.0,14565,-0.0013044970820460006,-1.3044970820460007
Vallensbæk,2012,1261.0,1117.0,144.0,14797,0.009731702372102453,9.731702372102452
Vallensbæk,2013,1353.0,1238.0,115.0,15095,0.0076184166942696255,7.618416694269626
Vallensbæk,2014,1198.0,1277.0,-79.0,15204,-0.005196001052354644,-5.196001052354644
Vallensbæk,2015,1333.0,1323.0,10.0,15419,0.0006485504896556197,0.6485504896556197
Vallensbæk,2016,1447.0,1426.0,21.0,15705,0.0013371537726838587,1.3371537726838587
Vallensbæk,2017,1827.0,1513.0,314.0,16280,0.019287469287469286,19.287469287469285
Vallensbæk,2018,1697.0,1576.0,121.0,16654,0.00726552179656539,7.265521796565389
Vallensbæk,2019,1480.0,1705.0,-225.0,16633,-0.013527325196897734,-13.527325196897735
Vallensbæk,2020,1467.0,1731.0,-264.0,16515,-0.015985467756584923,-15.985467756584923
Vallensbæk,2021,1535.0,1792.0,-257.0,16488,-0.015587093643862203,-15.587093643862202
Vallensbæk,2022,1726.0,1531.0,195.0,17031,0.011449709353531795,11.449709353531794
Vallensbæk,2023,1936.0,1699.0,237.0,17800,0.013314606741573034,13.314606741573034
Vallensbæk,2024,1791.0,1851.0,-60.0,18322,-0.0032747516646654297,-3.2747516646654296
Vallensbæk,2025,1771.0,1811.0,-40.0,18689,-0.0021402964310557014,-2.1402964310557016
Varde,1992,2198.0,2396.0,-198.0,49286,-0.004017368015257883,-4.017368015257883
Varde,1993,2123.0,2245.0,-122.0,49440,-0.0024676375404530746,-2.4676375404530746
Varde,1994,2402.0,2463.0,-61.0,49421,-0.0012342931142631675,-1.2342931142631675
Varde,1995,2488.0,2592.0,-104.0,49633,-0.0020953800898595694,-2.0953800898595696
Varde,1996,2635.0,2552.0,83.0,49921,0.0016626269505819193,1.6626269505819193
Varde,1997,2326.0,2465.0,-139.0,50011,-0.002779388534522405,-2.779388534522405
Varde,1998,2383.0,2297.0,86.0,50061,0.0017179041569285471,1.7179041569285471
Varde,1999,2395.0,2431.0,-36.0,50351,-0.0007149808345415185,-0.7149808345415185
Varde,2000,2502.0,2460.0,42.0,50469,0.0008321940200915414,0.8321940200915413
Varde,2001,2177.0,2352.0,-175.0,50802,-0.0034447462698318962,-3.4447462698318962
Varde,2002,2136.0,2306.0,-170.0,50883,-0.003340997975748285,-3.340997975748285
Varde,2003,2204.0,2419.0,-215.0,50777,-0.004234200523859227,-4.2342005238592275
Varde,2004,2319.0,2456.0,-137.0,50710,-0.0027016367580358904,-2.7016367580358907
Varde,2005,2386.0,2555.0,-169.0,50695,-0.003333662096853733,-3.3336620968537334
Varde,2006,2045.0,2440.0,-395.0,50674,-0.007794924418834116,-7.794924418834116
Varde,2007,2119.0,2114.0,5.0,50125,9.975062344139652e-05,0.09975062344139651
Varde,2008,2201.0,2198.0,3.0,50475,5.943536404160475e-05,0.05943536404160475
Varde,2009,1892.0,2228.0,-336.0,50378,-0.006669577990392632,-6.669577990392632
Varde,2010,1878.0,2114.0,-236.0,50351,-0.0046870965819944,-4.6870965819944
Varde,2011,1884.0,2155.0,-271.0,50193,-0.005399159245313092,-5.399159245313092
Varde,2012,1906.0,2275.0,-369.0,49969,-0.007384578438631952,-7.384578438631952
Varde,2013,1939.0,2196.0,-257.0,49958,-0.00514432122983306,-5.14432122983306
Varde,2014,2052.0,2151.0,-99.0,50122,-0.001975180559434979,-1.9751805594349787
Varde,2015,2065.0,2352.0,-287.0,50289,-0.00570701346218855,-5.7070134621885495
Varde,2016,2139.0,2318.0,-179.0,50452,-0.0035479267422500595,-3.5479267422500596
Varde,2017,2087.0,2431.0,-344.0,50301,-0.0068388302419435006,-6.8388302419435005
Varde,2018,2103.0,2390.0,-287.0,50129,-0.0057252289094137125,-5.725228909413713
Varde,2019,2195.0,2463.0,-268.0,49961,-0.005364184063569585,-5.364184063569585
Varde,2020,2159.0,2599.0,-440.0,49628,-0.008865962762956396,-8.865962762956396
Varde,2021,2382.0,2641.0,-259.0,49664,-0.005215045103092783,-5.215045103092783
Varde,2022,2191.0,2356.0,-165.0,49995,-0.0033003300330033004,-3.3003300330033003
Varde,2023,2035.0,2278.0,-243.0,49798,-0.004879714044740753,-4.879714044740753
Varde,2024,1929.0,2265.0,-336.0,49410,-0.006800242865816636,-6.800242865816636
Varde,2025,2080.0,2273.0,-193.0,49468,-0.003901512088622948,-3.901512088622948
Vejen,1992,2498.0,2563.0,-65.0,40069,-0.0016222017020639397,-1.6222017020639397
Vejen,1993,2504.0,2564.0,-60.0,40117,-0.0014956252960091731,-1.4956252960091732
Vejen,1994,2644.0,2762.0,-118.0,40207,-0.0029348123461088865,-2.9348123461088864
Vejen,1995,2613.0,2643.0,-30.0,40226,-0.0007457863073633968,-0.7457863073633968
Vejen,1996,2717.0,2794.0,-77.0,40602,-0.0018964583025466726,-1.8964583025466726
Vejen,1997,2604.0,2730.0,-126.0,40794,-0.0030886895131637007,-3.088689513163701
Vejen,1998,2493.0,2532.0,-39.0,40863,-0.0009544086337273328,-0.9544086337273328
Vejen,1999,2429.0,2599.0,-170.0,40948,-0.0041516069160886975,-4.1516069160886975
Vejen,2000,2364.0,2620.0,-256.0,40985,-0.006246187629620593,-6.246187629620593
Vejen,2001,2423.0,2465.0,-42.0,40867,-0.0010277240805539921,-1.0277240805539922
Vejen,2002,2479.0,2528.0,-49.0,41061,-0.0011933464844986728,-1.1933464844986728
Vejen,2003,2587.0,2658.0,-71.0,41139,-0.0017258562434672696,-1.7258562434672695
Vejen,2004,2745.0,2780.0,-35.0,41272,-0.0008480325644504749,-0.8480325644504749
Vejen,2005,2682.0,2678.0,4.0,41350,9.673518742442563e-05,0.09673518742442563
Vejen,2006,2284.0,2119.0,165.0,41551,0.0039710235614064645,3.9710235614064646
Vejen,2007,2472.0,2176.0,296.0,42447,0.006973402125002945,6.973402125002945
Vejen,2008,1914.0,1978.0,-64.0,42807,-0.0014950825799518771,-1.4950825799518772
Vejen,2009,1741.0,1947.0,-206.0,42768,-0.0048166853722409276,-4.8166853722409275
Vejen,2010,1744.0,2031.0,-287.0,42683,-0.006723988473162618,-6.723988473162618
Vejen,2011,1769.0,1930.0,-161.0,42785,-0.0037630010517704805,-3.7630010517704804
Vejen,2012,1830.0,2089.0,-259.0,42700,-0.0060655737704918035,-6.065573770491803
Vejen,2013,1749.0,2028.0,-279.0,42667,-0.006539011413973329,-6.539011413973329
Vejen,2014,1783.0,2141.0,-358.0,42601,-0.008403558601910754,-8.403558601910754
Vejen,2015,1973.0,2091.0,-118.0,42869,-0.002752571788471856,-2.752571788471856
Vejen,2016,1816.0,2179.0,-363.0,42822,-0.00847695109990192,-8.47695109990192
Vejen,2017,1998.0,2162.0,-164.0,42844,-0.0038278405377649145,-3.8278405377649145
Vejen,2018,2035.0,2220.0,-185.0,42863,-0.004316076802836946,-4.316076802836946
Vejen,2019,1979.0,2211.0,-232.0,42742,-0.005427916335220626,-5.427916335220626
Vejen,2020,2169.0,2274.0,-105.0,42790,-0.002453844356157981,-2.453844356157981
Vejen,2021,2137.0,2361.0,-224.0,42596,-0.005258709738003568,-5.258709738003568
Vejen,2022,2113.0,2273.0,-160.0,42924,-0.0037275184046221227,-3.727518404622123
Vejen,2023,2048.0,2136.0,-88.0,42800,-0.00205607476635514,-2.05607476635514
Vejen,2024,1991.0,2107.0,-116.0,42702,-0.002716500398107817,-2.716500398107817
Vejen,2025,2013.0,2172.0,-159.0,42641,-0.0037288056096245396,-3.7288056096245397
Vejle,1992,4897.0,4668.0,229.0,95043,0.002409435729091043,2.409435729091043
Vejle,1993,4894.0,4827.0,67.0,95667,0.0007003459918258125,0.7003459918258125
Vejle,1994,5295.0,5189.0,106.0,96056,0.0011035229449487798,1.1035229449487798
Vejle,1995,5636.0,5268.0,368.0,96399,0.0038174669861720557,3.8174669861720556
Vejle,1996,5620.0,5586.0,34.0,97479,0.0003487930733799075,0.3487930733799075
Vejle,1997,5800.0,5560.0,240.0,98151,0.00244521196931259,2.4452119693125898
Vejle,1998,5715.0,5588.0,127.0,98757,0.0012859847909515276,1.2859847909515276
Vejle,1999,5446.0,5509.0,-63.0,99299,-0.0006344474768124553,-0.6344474768124553
Vejle,2000,5678.0,5317.0,361.0,99658,0.003622388568905657,3.622388568905657
Vejle,2001,5484.0,5272.0,212.0,100454,0.0021104186991060584,2.1104186991060585
Vejle,2002,5418.0,5242.0,176.0,101129,0.0017403514323290055,1.7403514323290055
Vejle,2003,5449.0,5400.0,49.0,101671,0.000481946671125493,0.481946671125493
Vejle,2004,5982.0,5696.0,286.0,102099,0.002801202754189561,2.801202754189561
Vejle,2005,6137.0,5929.0,208.0,102671,0.002025888517692435,2.025888517692435
Vejle,2006,5240.0,4725.0,515.0,103243,0.0049882316476661855,4.988231647666185
Vejle,2007,5010.0,4922.0,88.0,104933,0.0008386303641371161,0.8386303641371161
Vejle,2008,4696.0,4614.0,82.0,105884,0.0007744323977182578,0.7744323977182578
Vejle,2009,4223.0,4388.0,-165.0,106383,-0.001550999689800062,-1.550999689800062
Vejle,2010,4640.0,4425.0,215.0,107218,0.002005260310768714,2.005260310768714
Vejle,2011,4625.0,4481.0,144.0,108021,0.0013330741244757963,1.3330741244757962
Vejle,2012,4959.0,4683.0,276.0,108826,0.002536158638560638,2.536158638560638
Vejle,2013,4892.0,4671.0,221.0,109652,0.002015467114142925,2.015467114142925
Vejle,2014,5024.0,4892.0,132.0,110471,0.0011948837251405345,1.1948837251405344
Vejle,2015,5279.0,4913.0,366.0,111743,0.003275372954010542,3.275372954010542
Vejle,2016,5551.0,5201.0,350.0,113243,0.003090698762837438,3.090698762837438
Vejle,2017,5470.0,5276.0,194.0,114140,0.0016996670755212897,1.6996670755212897
Vejle,2018,5717.0,5656.0,61.0,114830,0.0005312200644430898,0.5312200644430898
Vejle,2019,5810.0,5467.0,343.0,115748,0.002963334139682759,2.963334139682759
Vejle,2020,6635.0,5734.0,901.0,116992,0.007701381291028446,7.701381291028446
Vejle,2021,7141.0,5990.0,1151.0,119060,0.00966739459096254,9.667394590962541
Vejle,2022,6504.0,5977.0,527.0,120949,0.004357208410156347,4.357208410156347
Vejle,2023,5844.0,5933.0,-89.0,121696,-0.0007313305285301078,-0.7313305285301078
Vejle,2024,5684.0,5680.0,4.0,122433,3.2670930223060775e-05,0.03267093022306077
Vejle,2025,5949.0,5881.0,68.0,123250,0.0005517241379310345,0.5517241379310345
Vesthimmerlands,1992,1809.0,1714.0,95.0,31015,0.003063034015798807,3.063034015798807
Vesthimmerlands,1993,1662.0,1719.0,-57.0,31179,-0.0018281535648994515,-1.8281535648994516
Vesthimmerlands,1994,1879.0,1881.0,-2.0,31230,-6.404098623118796e-05,-0.06404098623118797
Vesthimmerlands,1995,1997.0,2094.0,-97.0,31278,-0.003101221305710084,-3.1012213057100837
Vesthimmerlands,1996,2042.0,2098.0,-56.0,31499,-0.0017778342169592685,-1.7778342169592685
Vesthimmerlands,1997,2096.0,2007.0,89.0,31656,0.0028114733383876674,2.8114733383876676
Vesthimmerlands,1998,2171.0,2178.0,-7.0,31860,-0.0002197112366603892,-0.21971123666038922
Vesthimmerlands,1999,2096.0,2103.0,-7.0,31992,-0.0002188047011752938,-0.21880470117529383
Vesthimmerlands,2000,1947.0,2074.0,-127.0,32029,-0.0039651565768522275,-3.9651565768522277
Vesthimmerlands,2001,1855.0,2040.0,-185.0,32016,-0.0057783608195902045,-5.778360819590205
Vesthimmerlands,2002,1784.0,1878.0,-94.0,31957,-0.0029414525769002097,-2.94145257690021
Vesthimmerlands,2003,1816.0,1919.0,-103.0,31897,-0.0032291438066275827,-3.2291438066275826
Vesthimmerlands,2004,1790.0,2004.0,-214.0,31785,-0.006732735567091396,-6.732735567091396
Vesthimmerlands,2005,2021.0,1997.0,24.0,31545,0.0007608178792201616,0.7608178792201616
Vesthimmerlands,2006,1793.0,1917.0,-124.0,31600,-0.003924050632911393,-3.924050632911393
Vesthimmerlands,2007,1844.0,1753.0,91.0,38277,0.002377406797815921,2.377406797815921
Vesthimmerlands,2008,1596.0,1689.0,-93.0,38495,-0.002415898168593324,-2.415898168593324
Vesthimmerlands,2009,1384.0,1628.0,-244.0,38106,-0.006403191098514669,-6.40319109851467
Vesthimmerlands,2010,1375.0,1647.0,-272.0,37864,-0.007183604479188675,-7.183604479188675
Vesthimmerlands,2011,1352.0,1725.0,-373.0,37534,-0.009937656524750893,-9.937656524750894
Vesthimmerlands,2012,1535.0,1639.0,-104.0,37586,-0.0027669877081892193,-2.766987708189219
Vesthimmerlands,2013,1439.0,1723.0,-284.0,37479,-0.007577576776328077,-7.577576776328077
Vesthimmerlands,2014,1416.0,1757.0,-341.0,37399,-0.009117890852696596,-9.117890852696595
Vesthimmerlands,2015,1498.0,1782.0,-284.0,37296,-0.007614757614757614,-7.614757614757615
Vesthimmerlands,2016,1570.0,1726.0,-156.0,37285,-0.004183988199007644,-4.183988199007644
Vesthimmerlands,2017,1611.0,1773.0,-162.0,37277,-0.00434584328137994,-4.345843281379939
Vesthimmerlands,2018,1551.0,1724.0,-173.0,37121,-0.0046604347943212734,-4.660434794321273
Vesthimmerlands,2019,1557.0,1845.0,-288.0,36727,-0.007841642388433578,-7.841642388433578
Vesthimmerlands,2020,1597.0,1863.0,-266.0,36362,-0.007315329189813541,-7.315329189813541
Vesthimmerlands,2021,1687.0,1756.0,-69.0,36326,-0.0018994659472554094,-1.8994659472554094
Vesthimmerlands,2022,1603.0,1659.0,-56.0,36431,-0.0015371524251324422,-1.5371524251324422
Vesthimmerlands,2023,1442.0,1652.0,-210.0,36012,-0.00583138953682106,-5.83138953682106
Vesthimmerlands,2024,1469.0,1533.0,-64.0,35818,-0.0017868111005639622,-1.7868111005639622
Vesthimmerlands,2025,1413.0,1537.0,-124.0,35632,-0.0034800179613830263,-3.480017961383026
Viborg,1992,4951.0,5034.0,-83.0,83171,-0.0009979439949020692,-0.9979439949020692
Viborg,1993,5100.0,5059.0,41.0,83509,0.0004909650456836988,0.4909650456836988
Viborg,1994,5709.0,5547.0,162.0,83943,0.0019298809906722419,1.9298809906722418
Viborg,1995,5634.0,5758.0,-124.0,84528,-0.0014669695248911603,-1.4669695248911603
Viborg,1996,5673.0,5647.0,26.0,85291,0.00030483872858801044,0.3048387285880104
Viborg,1997,5643.0,5759.0,-116.0,85847,-0.0013512411616014538,-1.3512411616014537
Viborg,1998,5721.0,5841.0,-120.0,86128,-0.0013932751253947612,-1.3932751253947613
Viborg,1999,5704.0,5569.0,135.0,86304,0.001564238042269188,1.5642380422691882
Viborg,2000,5555.0,5669.0,-114.0,86720,-0.0013145756457564575,-1.3145756457564575
Viborg,2001,5486.0,5420.0,66.0,87048,0.0007582023711055969,0.758202371105597
Viborg,2002,5486.0,5485.0,1.0,87621,1.1412789171545634e-05,0.011412789171545635
Viborg,2003,5806.0,5807.0,-1.0,88039,-1.1358602437556082e-05,-0.011358602437556082
Viborg,2004,6007.0,5857.0,150.0,88354,0.001697716006066505,1.697716006066505
Viborg,2005,6367.0,6078.0,289.0,88945,0.0032491989431671256,3.2491989431671255
Viborg,2006,4391.0,4125.0,266.0,89838,0.002960885148823438,2.960885148823438
Viborg,2007,4204.0,4145.0,59.0,92084,0.000640719343208375,0.640719343208375
Viborg,2008,3931.0,3989.0,-58.0,92823,-0.0006248451353651573,-0.6248451353651573
Viborg,2009,3595.0,3761.0,-166.0,93310,-0.001779016182617083,-1.779016182617083
Viborg,2010,3455.0,3779.0,-324.0,93498,-0.003465314766091253,-3.465314766091253
Viborg,2011,3733.0,3851.0,-118.0,93819,-0.001257740969313252,-1.2577409693132522
Viborg,2012,3757.0,3862.0,-105.0,94333,-0.0011130781380852936,-1.1130781380852937
Viborg,2013,3721.0,4072.0,-351.0,94486,-0.0037148360603687317,-3.714836060368732
Viborg,2014,3802.0,3890.0,-88.0,94985,-0.0009264620729588882,-0.9264620729588883
Viborg,2015,4092.0,4162.0,-70.0,95776,-0.0007308720347477448,-0.7308720347477448
Viborg,2016,4270.0,4289.0,-19.0,96477,-0.00019693813033158162,-0.1969381303315816
Viborg,2017,4144.0,4462.0,-318.0,96883,-0.003282309589917736,-3.282309589917736
Viborg,2018,4262.0,4510.0,-248.0,97113,-0.002553726071689681,-2.553726071689681
Viborg,2019,4013.0,4383.0,-370.0,96921,-0.003817542121934359,-3.817542121934359
Viborg,2020,4191.0,4476.0,-285.0,96679,-0.0029478997507214597,-2.9478997507214597
Viborg,2021,4317.0,4497.0,-180.0,96847,-0.0018586017119786881,-1.8586017119786882
Viborg,2022,4319.0,4372.0,-53.0,97731,-0.0005423048981387686,-0.5423048981387686
Viborg,2023,4186.0,4307.0,-121.0,97472,-0.0012413821405121471,-1.2413821405121472
Viborg,2024,4030.0,3984.0,46.0,97621,0.00047121008799336206,0.47121008799336206
Viborg,2025,4235.0,4098.0,137.0,97874,0.0013997588736538815,1.3997588736538815
Vordingborg,1992,2810.0,2505.0,305.0,44497,0.006854394678292919,6.854394678292919
Vordingborg,1993,2706.0,2504.0,202.0,44741,0.004514874499899421,4.51487449989942
Vordingborg,1994,2678.0,2788.0,-110.0,44816,-0.0024544805426633346,-2.4544805426633345
Vordingborg,1995,2974.0,2826.0,148.0,44617,0.003317121276643432,3.317121276643432
Vordingborg,1996,2827.0,2737.0,90.0,44920,0.002003561887800534,2.003561887800534
Vordingborg,1997,3083.0,2640.0,443.0,44970,0.009851011785634868,9.851011785634867
Vordingborg,1998,3023.0,2893.0,130.0,45259,0.002872356879294726,2.872356879294726
Vordingborg,1999,2919.0,2707.0,212.0,45211,0.004689124328150229,4.689124328150228
Vordingborg,2000,3035.0,2785.0,250.0,45376,0.0055095204513399155,5.509520451339916
Vordingborg,2001,3048.0,2786.0,262.0,45565,0.005750027433336991,5.7500274333369905
Vordingborg,2002,2993.0,2698.0,295.0,45760,0.006446678321678322,6.446678321678322
Vordingborg,2003,3232.0,2947.0,285.0,45983,0.0061979427179609855,6.197942717960985
Vordingborg,2004,3218.0,3109.0,109.0,46192,0.00235971596813301,2.35971596813301
Vordingborg,2005,3428.0,3259.0,169.0,46307,0.0036495562226013345,3.6495562226013343
Vordingborg,2006,2549.0,2275.0,274.0,46410,0.00590390002154708,5.90390002154708
Vordingborg,2007,2367.0,2108.0,259.0,46600,0.00555793991416309,5.55793991416309
Vordingborg,2008,2240.0,2132.0,108.0,46551,0.0023200360894502802,2.32003608945028
Vordingborg,2009,2099.0,2173.0,-74.0,46319,-0.00159761652885425,-1.5976165288542499
Vordingborg,2010,1984.0,2024.0,-40.0,46170,-0.0008663634394628547,-0.8663634394628547
Vordingborg,2011,1982.0,2207.0,-225.0,45804,-0.0049122347393240765,-4.912234739324076
Vordingborg,2012,2072.0,2200.0,-128.0,45465,-0.0028153524689321454,-2.8153524689321454
Vordingborg,2013,2066.0,2112.0,-46.0,45295,-0.0010155646318578209,-1.0155646318578209
Vordingborg,2014,2311.0,2135.0,176.0,45471,0.0038705988432187546,3.8705988432187546
Vordingborg,2015,2369.0,2182.0,187.0,45806,0.0040824346155525475,4.082434615552548
Vordingborg,2016,2424.0,2248.0,176.0,46037,0.0038230119251906076,3.8230119251906074
Vordingborg,2017,2536.0,2354.0,182.0,46087,0.003949052878252001,3.9490528782520014
Vordingborg,2018,2376.0,2396.0,-20.0,45816,-0.00043652872359001223,-0.4365287235900122
Vordingborg,2019,2392.0,2482.0,-90.0,45566,-0.001975156915243822,-1.9751569152438222
Vordingborg,2020,2554.0,2585.0,-31.0,45268,-0.0006848104621366086,-0.6848104621366086
Vordingborg,2021,2651.0,2545.0,106.0,45352,0.0023372728876345033,2.3372728876345032
Vordingborg,2022,2414.0,2448.0,-34.0,45441,-0.0007482229704451926,-0.7482229704451926
Vordingborg,2023,2299.0,2262.0,37.0,45751,0.0008087254923389652,0.8087254923389652
Vordingborg,2024,2213.0,2308.0,-95.0,45057,-0.0021084404199125553,-2.1084404199125553
Vordingborg,2025,2458.0,2307.0,151.0,44831,0.0033682050366933597,3.3682050366933596
Ærø,1992,447.0,449.0,-2.0,7754,-0.00025793139025019347,-0.25793139025019346
Ærø,1993,434.0,441.0,-7.0,7679,-0.0009115770282588879,-0.9115770282588879
Ærø,1994,482.0,455.0,27.0,7641,0.0035335689045936395,3.5335689045936394
Ærø,1995,469.0,433.0,36.0,7648,0.004707112970711297,4.7071129707112975
Ærø,1996,401.0,458.0,-57.0,7704,-0.007398753894080997,-7.398753894080997
Ærø,1997,435.0,471.0,-36.0,7606,-0.00473310544307126,-4.73310544307126
Ærø,1998,505.0,469.0,36.0,7503,0.004798080767692923,4.798080767692923
Ærø,1999,467.0,476.0,-9.0,7481,-0.0012030477208929287,-1.2030477208929287
Ærø,2000,397.0,478.0,-81.0,7401,-0.010944466963923795,-10.944466963923794
Ærø,2001,425.0,470.0,-45.0,7315,-0.006151742993848257,-6.1517429938482575
Ærø,2002,405.0,478.0,-73.0,7200,-0.010138888888888888,-10.138888888888888
Ærø,2003,422.0,405.0,17.0,7058,0.002408614338339473,2.408614338339473
Ærø,2004,433.0,445.0,-12.0,7003,-0.001713551335142082,-1.7135513351420821
Ærø,2005,422.0,454.0,-32.0,6939,-0.004611615506557141,-4.611615506557142
Ærø,2006,357.0,394.0,-37.0,6873,-0.005383384257238469,-5.383384257238469
Ærø,2007,357.0,374.0,-17.0,6712,-0.002532777115613826,-2.5327771156138263
Ærø,2008,370.0,359.0,11.0,6698,0.0016422812779934308,1.6422812779934308
Ærø,2009,367.0,350.0,17.0,6679,0.0025452912112591706,2.545291211259171
Ærø,2010,346.0,325.0,21.0,6663,0.0031517334533993696,3.1517334533993697
Ærø,2011,389.0,340.0,49.0,6636,0.007383966244725738,7.383966244725738
Ærø,2012,361.0,428.0,-67.0,6527,-0.010265052857361729,-10.265052857361729
Ærø,2013,384.0,424.0,-40.0,6393,-0.006256843422493352,-6.256843422493351
Ærø,2014,365.0,413.0,-48.0,6276,-0.0076481835564053535,-7.648183556405353
Ærø,2015,444.0,411.0,33.0,6290,0.005246422893481717,5.246422893481717
Ærø,2016,355.0,405.0,-50.0,6177,-0.008094544277157197,-8.094544277157198
Ærø,2017,438.0,407.0,31.0,6178,0.005017805114923924,5.017805114923924
Ærø,2018,352.0,400.0,-48.0,6058,-0.007923407065037967,-7.923407065037967
Ærø,2019,407.0,420.0,-13.0,5964,-0.0021797451374916165,-2.1797451374916164
Ærø,2020,400.0,371.0,29.0,5960,0.004865771812080537,4.865771812080537
Ærø,2021,457.0,398.0,59.0,6025,0.00979253112033195,9.79253112033195
Ærø,2022,332.0,374.0,-42.0,6008,-0.006990679094540613,-6.990679094540613
Ærø,2023,319.0,350.0,-31.0,5960,-0.005201342281879195,-5.201342281879195
Ærø,2024,317.0,372.0,-55.0,5881,-0.009352150994728787,-9.352150994728786
Ærø,2025,293.0,325.0,-32.0,5766,-0.005549774540409296,-5.549774540409296
